C,d,g,r
6.061239359561099,1.1771470824401262,0.3284886642406106,3.68567757838754
6.035637751776804,1.16156610651473,0.4758334754061406,2.8447688138821228
6.004672375055126,1.1379043921265657,0.3772164992781468,3.0192247994833776
6.705631154924829,1.222919562940075,0.10527331705604,3.9671579813069875
6.677152892828364,1.0706545218266028,0.09729386315576524,3.1474685331936536
6.03206294143443,1.3582574574550181,0.8747607960488943,2.1041449702179977
6.1434276612805885,1.5766042645361174,0.7920380314341966,0.18883177391054695
10.192369381680033,1.8521233679132771,0.01364487534369185,3.3651923344599637
6.044428552461652,1.1091912722445474,0.33722629944633614,3.239467048846158
6.255313761173232,1.019064495613594,0.061382443409281354,3.837482926409675
6.011631210924316,1.2471084901268854,0.43757693633603734,4.057964626668806
6.021723975772774,1.3004704557538,0.6186089839206121,2.720614201086394
6.027658847712165,1.6653622001322579,0.7472243049112258,2.991524819551758
6.14413503020539,1.2063829406558313,0.2632244116736483,4.065523136666207
6.628710074585011,1.130721373219315,0.08141178022546736,3.5413301972971185
6.202139636503634,1.1641833893349391,0.14295048377631311,3.963608453810209
6.0278061595630685,2.199380589702029,0.7502682881757183,4.033651683663738
6.111892943354808,1.1541177371030382,0.37045707943569306,3.761298197402265
7.054046394329463,1.3408952271143764,0.03214029916077979,3.601066104755296
6.709836684816284,1.0636459939819234,0.03571400865050886,3.8059463902973354
6.246799935339902,1.4006949084591878,0.8048423039460207,0.7023007316212285
6.977882036791498,1.4985255161954425,0.02842629180129337,4.009338129047029
6.249282859487852,1.233608986594374,0.21294702994132425,3.8151636936039894
7.238915070001991,1.210631797243685,0.017297169239622146,3.7680380960581696
8.850476715919694,1.523957572929608,0.020813553723216825,3.203470134106189
6.068354950935819,1.4663673985916734,0.5993135021222773,3.1780803687517913
6.093352961269663,1.0768587158958671,0.6515103172375469,0.5256930415524137
6.850814655159407,1.3934251792728696,0.06029781938729026,3.983615498957957
6.429415696556982,1.1994085650463862,0.12009077632556889,3.7558966723389693
6.478511929476647,1.1756965110395579,0.07887231400400015,3.794631917609208
6.271024787819867,1.003464473954995,0.12483822351196455,3.6499974333528806
6.066514304924316,1.146808221632998,0.4793858441783576,3.284356339032365
6.003738900116215,1.0415118883547463,0.12874089463955676,4.039219740794268
6.32135384047494,1.2160742519214611,0.08957796309225186,3.719502857779247
6.789984891412024,1.0059681935939166,0.054546460162650065,3.0960446096202325
8.513892374109941,1.217813459456098,0.02134947057366835,2.523407932870698
6.059640491958094,1.1085736791875447,0.3266008993248097,3.1350983374288335
6.001551881535666,2.5703037188443303,0.8997419233457669,3.720634969516499
6.045586460953963,1.2099350684156513,0.653709305269068,2.6763652398571764
6.004284126765168,1.722703486030487,0.69830269695545,3.6784395956243263
6.139140900436031,1.0323376481631288,0.7384081883119111,1.0551630109761643
6.075949082085956,1.128649438638645,0.5426836497967938,2.66968304957605
6.000262275097685,1.7255668831784168,0.6836121862095709,3.3564986127886307
6.234396132731915,1.7831638390334263,0.9905061686803821,0.5443733201971366
6.65910361799505,1.2913755769962376,0.04701744261921364,3.860089872209949
6.3385835850939305,1.0254116309532721,0.12591463552975635,3.2691031924705847
6.616716258458743,1.0014484387728726,0.0538900199535486,2.8737110346591015
6.059488882629589,1.0038025184869914,0.2593348719186103,3.2921518004057524
6.678656423006276,1.0614271964820892,0.0798759649004333,3.1114754327116994
8.837990435894172,1.301668377709777,0.012347037447056824,3.273670084096069
6.1199120340673545,1.049567593388183,0.32638441173416666,3.388308717880898
6.755895367588454,1.1046890913370953,0.08669923574550945,3.425723689220009
6.048284644915001,1.4075325351613641,0.5326592328127524,3.338751285047199
6.495870583767233,1.0525383037233973,0.09730801334375322,3.3499088482471757
6.073604102208113,1.3147113231372163,0.8025915059974313,0.458256785773277
6.169890249090704,1.110350650274762,0.23920984716501797,3.524611606841246
6.005151721880506,1.684826840844113,0.552712160179998,3.8241970620209917
6.163307691074006,1.3181773332271942,0.11933846410909513,4.080191570181734
6.13646557095049,1.2307860276702995,0.32213020817628935,3.8293811044684842
7.558190805634809,1.456306175389044,0.023580570958090123,3.75646109616445
6.115411440800016,1.1985762976051064,0.11520470301219782,3.858990555686604
6.022791759311914,1.1098137219830189,0.7340806312123491,1.5418839073087738
7.019158335900269,1.471691629763203,0.016280202800304358,4.073505819359452
6.137662528476646,1.2443496338100488,0.18448745850888554,3.8870345669324093
6.1050909326883005,1.0439531979053152,0.3275275163333251,3.6641162710343442
6.045725909410803,1.3580761236236731,0.8653918107833127,2.026364773263662
6.210185307714322,1.3022726786191376,0.7909117581236914,0.666066340145156
6.166556078693446,1.6585052931669486,0.9016718493040725,0.37010765920471367
6.740982569494673,1.1490815199157753,0.028918792475928108,3.580088908888199
6.0226234772455625,1.1850355293684165,0.6318599169468826,2.9704937138683905
6.015706705748921,1.8378576152493769,0.6581808774060262,4.0603729606158145
6.036617484518433,1.0210277519151956,0.716869777422944,1.73961322932981
6.083725181236794,1.2142568660923245,0.271880314664133,3.926660938062636
6.026880290797242,1.102300509725311,0.3341110174192494,3.6322733094437885
6.006028391089481,1.9795917689486395,0.8287251110547866,3.396242175822993
6.260138962369899,1.1558028209818467,0.17700210298339963,3.548233002901399
6.78801190693329,1.2123165457426994,0.04187929586880964,3.939565878149181
6.120791186848908,1.1567590572707545,0.3795578615623062,3.440318923996348
6.0998296133311065,1.0533952860050881,0.31530146255366365,3.6293159771700294
7.37830286689532,1.3404341930372612,0.02101709024327683,3.6896628270548852
6.355789668396406,1.094526262874578,0.15562700305984198,3.9056463300503985
6.091059567461189,1.0571560078788802,0.12797720578641236,3.7070451565183897
6.093536847871782,1.1018474384556614,0.27811979440709056,3.3487989309660557
6.2199830254643755,1.0119021081741757,0.23343645488362202,3.551373095235026
6.82780780634181,1.0654952173307346,0.05888229178997567,2.8208951270973595
6.00209383924785,1.0189324023836428,0.2456619178875145,2.9582655819234995
6.1816428974780555,1.0247947115816973,0.21590458346280234,3.6972229576702187
6.040921323842634,1.2189964978746473,0.4790581724889454,3.066983081320499
6.010003458809351,1.7790677371587862,0.8845392046722859,2.610025471143997
6.008534903642372,1.2058816996466581,0.6131173202660753,3.1400042563786905
6.001557637771324,2.2257674681391975,0.8540504913104342,3.4495021967524218
7.026603088531972,1.1691586200427346,0.04457571267634588,3.878394812135174
6.011308028098951,1.2954560020912187,0.9178755810252709,1.9908429303118975
6.029963983028059,1.4014735010552173,0.5770509276919227,3.413844339466538
6.364072760898797,1.0659668141676433,0.1836939103599565,3.4326169605638555
7.851832050488969,1.413084940054045,0.03292644030306748,3.8631875490891603
6.047327357966324,1.1390399338086377,0.8590169630143859,1.371668690948772
6.075661689519715,1.018925338856825,0.2254769094660732,3.1263769905904013
6.0436683073587565,1.8871093100409306,0.7581715914552158,3.206287363133188
6.000321021470767,1.2607432009113368,0.5166119642785958,3.1032016297210383
6.04789708772155,1.4582281393989767,0.5841273648220153,3.544737037126931
6.225174393265004,1.149348598786849,0.21081001895222615,3.7947397378391754
6.247972666882202,1.0168558517564796,0.15071261553294435,3.162896227345713
6.224441579150635,1.2225989489477265,0.1491872777812544,4.00255420364563
6.800235927903128,1.0360639112652519,0.020372071847371,3.3694317351026926
6.32797613372101,1.1055800546881367,0.16979341532801887,3.4923719264010886
6.1827048355480105,1.3047881282359495,0.21872644743025368,4.088267234837179
6.87325201589285,1.2191448781021148,0.02930200163307011,3.7620347658650983
6.071263333649635,1.367457114483579,0.3965037331490187,3.8073275661624906
6.0068015969325925,1.7817395218363263,0.6793393911734014,3.7824354276971275
6.004226481631436,1.3095565967191298,0.5014532989398965,4.005614108833127
8.019913772504138,1.1639352792975912,0.023868374152863567,3.175698773514634
6.0786077983856215,1.2880787233601059,0.3895383427203048,3.9091784903744102
6.48701194898843,1.0458241315092391,0.0468317292430267,3.7960581170961776
6.403281137945921,1.1982915064254014,0.07418699536374485,3.6244703276130648
6.1288490994960485,1.1779296542980735,0.23318884524427355,3.849327481721867
6.136391373649309,1.2396063902042154,0.14297433139790067,3.8338629115125973
7.501605330878718,1.2637718414969297,0.017648897644754108,3.3276095784383872
6.72817994988979,1.0655130480302242,0.06521324325901637,3.816976333279662
6.211533333308614,1.2962338205905382,0.08200255206841134,4.003331808351829
6.486994600310538,1.0940973727791623,0.14253056576665815,3.459914545660822
6.356374260948602,1.1416868717146258,0.07975374925430198,3.827085748463899
6.778633749126113,1.2899695494576624,0.04027547879957852,3.69245677703033
6.436978036734264,1.2045535361916972,0.13395862914860152,3.661229951056007
6.072136589873014,1.4758107507171676,0.4122076115819844,3.954811354924169
6.113488377566441,1.398166726097036,0.9059221018442839,0.8766841672739616
6.038218547967446,1.535147490136234,0.5618265208125345,3.9621974079049043
6.330689611385797,1.206619554491993,0.0657510891000617,4.00996184568526
6.185276004353478,1.112553374372056,0.11047677204066705,3.9578918616854475
7.819446451090911,1.2105531752962162,0.03515623845610186,3.388201595541499
6.041026929635308,1.1597944589624605,0.2814359403588861,3.2422592075659917
6.222343008847618,1.028972396413633,0.08301735604724769,3.9378409774913194
7.253303906285614,1.2068266185201006,0.01707999809764143,3.9186317181359502
6.0496123005671425,1.1423047386057277,0.8131883587131721,1.262066544630699
6.198717631462071,1.222223523590831,0.7395564795492482,0.7404671981538405
6.125190381087754,1.3305294995073766,0.7561943680032962,0.6579789866434748
8.756951144351223,1.4593054086535688,0.010250692277067455,3.0034322538946916
6.009487927241538,2.160401712511438,0.9377162691211884,3.0682570699129124
7.053203893928736,1.245908450828815,0.025678596325222493,3.5326529532847397
7.4453007593834375,1.22634846751511,0.054962918437292944,3.382376537744321
6.0529276332311195,1.5429016630974255,0.7431781782988943,0.13744093876653724
6.268997840114952,1.3252843554713407,0.13973512906778393,3.9221741214142005
6.806779102334381,1.2582866176331744,0.014041498846003461,3.856288712210941
7.467887563761946,1.498963050803534,0.04544616310198217,3.8200361274665724
6.184265955136188,1.7733365602075293,0.9378921914111018,0.4283695184956382
6.177373588517406,1.1278248837744662,0.09063137776887945,3.8608840644156386
6.014646987404169,1.551752301607182,0.669263398456468,3.6044462404225523
6.101883789128964,1.121747625165582,0.19502767705795848,3.5757188593481533
6.722440806665015,1.1166991041422294,0.05320326588295589,3.0030995854247187
6.6533640875705435,1.2367961203555198,0.04657683912551189,3.906484016285169
7.430766617760857,1.0682833972925627,0.024531449623853965,3.463282531981971
6.12508990905705,1.05557067898939,0.6180894445802709,0.9047162737599173
6.046930748183961,1.3405489162793072,0.6578569199550326,2.622234497704867
6.065582315111893,1.674387729761451,0.9274159703204417,0.3366141802678662
6.067339221721129,1.2885910468184223,0.37639271006644537,3.7165991638734837
6.259287088299085,1.1951191024018717,0.14801095546721318,3.4913831480001543
6.054142386390532,1.3387684358852345,0.9671303999619569,0.8910072441270662
6.088010220944384,1.497620718339162,0.781314248223844,0.26201966776902186
6.058678255903055,1.1968347180512544,0.7080442012683931,2.2194232029587657
6.071959005107221,1.2245242116939052,0.2600141209372678,3.9284694855964215
8.255645612716572,1.258500239664213,0.020172832811347473,3.0056179630451347
6.078786919213865,1.3723503048814216,0.444703619352693,3.4797772079737026
6.036254893716582,1.5492533541207547,0.5926930021375969,3.3086073979757895
6.02181555917534,1.0893447064186812,0.2947657881010276,3.829207737510469
6.344556117912387,1.2301933041352093,0.03954188609165668,3.957607810004818
7.083055332170065,1.0606009783443977,0.07765778445160143,2.858298971278344
6.286654898525014,1.950230409350219,0.9610295772192218,0.1710302749108773
7.913389584051381,1.600590772328011,0.02100522847776191,3.594626573701676
6.026805100458024,1.136602440366559,0.8627430478963267,0.6185565490714092
6.082854535572907,1.1145697595453181,0.30828884603554046,3.5162919162253528
6.463503067968426,1.12055904031406,0.11351024012473249,3.537457154368238
6.035200574144156,1.6939468880430266,0.8306723729637229,2.6668875887656474
6.1873430734037225,1.1663703427029457,0.06918446987546656,3.905449462935853
8.02134365612557,1.5757346149979603,0.01728358406264493,4.010273466564911
6.2081093042438384,1.0094479097708655,0.1680220703809534,3.6069186926216084
6.614629167273813,1.2804033208549042,0.025613508874201607,3.829398095321003
6.142146300533709,1.1303225509069592,0.29882179158342614,4.089917740459827
6.295721273317956,1.034379977480709,0.08901636221939103,3.7878660014457832
6.036542957551407,1.5809446424073128,0.5560249521631668,3.8275368794082065
6.167625522706741,1.0007397033104124,0.2611852535553689,3.2878842190751927
6.067955925156799,1.150569411257995,0.44935544211544615,3.4721941614479026
7.6356279396859605,1.3394123871814563,0.01209489151242248,3.399514403425858
6.0610233901018145,1.2692792865279194,0.41465035798544425,3.308356577569972
6.021667283966001,1.0705973186427238,0.830837970537159,1.5370235096334115
6.044417502484293,1.0872449918971903,0.25016103687796276,3.740349182711635
6.354060256672393,1.013646638954294,0.11615420321334684,4.073477828800028
6.081335013179329,1.3416933756182159,0.9719623298649729,1.101508770933834
6.242658806433357,1.1892294614785637,0.20135715752687544,3.726562524108498
6.070230560587551,1.0585866719511987,0.3813812865632519,3.153402424390522
6.052458475365364,1.9901087738042411,0.6730485476825387,3.8018992143223858
6.763786753322437,1.3538209707693964,0.08783778566189884,3.8620116459350045
6.774299877800998,1.1863748266696934,0.09813872622898799,3.863883794948643
7.481858746705534,1.2663783899008532,0.03327020954459824,3.535692381778338
6.503579295280783,1.063341792570708,0.11117317335190785,3.009304048196707
7.661002602740823,1.4699387120281446,0.04073531531092245,3.3958096963120257
6.509236289619384,1.2837361924493484,0.10313004076904292,3.6936083034830087
6.04627303543793,1.3685242816504049,0.22335515068315356,4.076006411139778
6.421861361024067,1.1489860610606,0.04150534490219521,4.061774507016209
6.074300140440169,1.448997444690707,1.0073373040178981,1.158418392853079
6.0527357020715336,1.3256445669047237,0.9975978352388649,1.2467011493408158
6.190430346027239,1.0174830535169206,0.10444705870711912,3.3782002381103657
7.52493174754103,1.3614072608972227,0.04605458060832306,3.413896490946598
6.004716408047122,1.536011087116602,0.4308351216332325,4.080054965785404
6.158202757915926,1.3866241203892473,0.8710229680192941,0.7111171330569748
6.006862272289532,1.7127885139736727,0.75729877198133,3.054179651807019
6.712378784240233,1.1698185573225182,0.09865634717276608,3.6669842270880673
6.003156534268495,1.0003787151101855,0.4041577093257936,3.5997988506936682
6.113712506192361,1.0964979482875157,0.211348294461231,3.546496686431517
6.086397419052151,1.2491914673719016,0.8845588036812009,0.848216492398091
6.0262413442146405,1.323838892888364,0.8805210106511329,1.871957581959077
6.255892909254846,1.1982036293638305,0.19287097644123458,3.694478778867788
6.036094458721505,1.9916126223500863,0.6494255327976224,3.8492535884492023
7.353049515419994,1.1767404388643696,0.041876951216312935,3.235897437581453
6.2052662017644025,1.0878438640422294,0.2440851964549756,3.785683936578252
6.000262996504004,1.007431353548915,0.2402801996170401,3.8032494389311644
7.270686206489593,1.1408103633921602,0.045436075034990364,3.8085409753684374
6.054112387250549,1.077490787142618,0.47594436597575135,3.0327309883518576
7.368133343413321,1.283918316454063,0.0275379649108955,3.513345443595706
6.01571682566862,1.1556526506056422,0.5130316872261,3.784368732489974
6.085361442680993,1.2129531936568037,0.15337781832481928,4.0667656403776045
6.199669216746961,1.212970708957744,0.09911425796664575,3.995212559084452
6.543926237811423,1.0431929744178374,0.0511881392891595,3.0782889160761604
6.421883902132595,1.0290758349828388,0.14889570500088892,3.7208208860840206
6.49898856559424,1.0251308321044905,0.05474950615318407,3.551858744115828
7.611183976175749,1.3952808440210642,0.012680451330195075,3.7430679198627
6.158706077698141,1.2260346852923718,0.25593363073285763,3.731409902534381
7.327083492312017,1.1060495947074205,0.032869089522537615,3.0566859395555412
6.04609705464651,1.1208184772930496,0.09818765797082118,4.061818895324505
6.819216898925442,1.0875046041826075,0.10275107602157106,3.2364846155091365
6.096675333015944,1.311565152186229,0.22492466770820663,3.8915558634843523
6.120250502235304,1.1135887082604439,0.15781159080163473,3.288710684470297
6.003172843011905,1.3294124738375617,0.8597652414714809,1.923090622458963
6.773411815369314,1.2387611508271403,0.06129388345148517,3.716809070494982
6.192497912401934,1.0918991102097577,0.04865398257198289,3.989055824857703
6.057274727611536,1.3732884640462388,0.4410907141841122,3.756477084243219
6.088346842177532,1.6837844150712211,0.9658605537869785,0.4406012698437498
8.501934130013435,1.697677902312486,0.03159115380545187,3.815903468510859
6.29424323909633,1.2153025282100667,0.15300746040078572,3.6399161431514164
6.036614536034364,1.5161631387840435,0.6550719837946324,2.9221747942399774
6.526000471233769,1.193818827618024,0.02149627320415637,3.9348001865588924
6.231982605420088,1.0171786489216594,0.2108400658325303,3.4378691454686967
7.630940639946583,1.4132956542357822,0.04778324990915864,3.804903799715475
7.065664226000789,1.0182907124183957,0.029451737621791388,2.6525857633983
6.011301726162387,1.615437370517358,0.8286421714357991,2.4586065627740106
6.048617420061378,1.752954171594602,0.645735551944696,3.635686188113442
6.021303418692267,1.0254959797817054,0.4025532349288241,3.7853601060465794
6.366584434837124,1.010228102578719,0.07727257780352181,3.5822423383384945
6.842442346056465,1.1346169913190454,0.06137122285799978,3.979649883688922
6.038242195996401,1.8454945938226284,0.6725416132717509,3.6183327982608344
6.2596351607616025,1.5809333041046119,0.8732465486658546,0.38583621491336295
6.2112069961266,1.0805771118042344,0.2543842300377243,3.8577396195391147
6.675111973315291,1.0302789094067117,0.06995982739059337,2.8728288591748483
6.148140758551702,1.0992532382636402,0.16967717008536715,3.2614970150712628
6.017398125563108,1.1213414937508315,0.48303709334205003,3.8993603094477356
6.018179740058886,1.0291847296248047,0.375979095148368,3.112939402170228
7.339621080416341,1.347257082855126,0.05182708964277142,4.092485898601883
6.257709852657043,1.175024282088243,0.08633320207305073,4.095876199497996
6.057857635616175,1.0171479092225644,0.8280411875502673,0.8211887081933358
6.039445028560647,2.134585528407302,0.7911970569798751,3.5227020237449023
6.12014173253728,1.3811530809192816,0.35729876681655415,4.016221843841504
7.633175023083277,1.014972302566695,0.015897540297566758,2.8864205368972176
6.153646120821689,1.1380428379520517,0.1991757033235994,3.8043293331643393
6.038973558017158,1.3771463977677143,0.441413612164375,3.9420153128372375
8.01578434500891,1.0782618575859897,0.03219616155033021,2.819844689410925
6.163416733206657,1.2329635510336125,0.25311596851078383,3.8105175797365747
6.224683265790041,1.196379847515541,0.2751077542588737,3.9089412820401015
6.0321233138674755,1.9422670508474753,0.671308992018789,3.804969185620906
8.385669531030166,1.1478781226573367,0.022835547574812924,2.363932853502386
6.118430042270808,1.1934862821203043,0.17006823470243868,3.7325428193273638
6.065528532484308,1.2582262492666996,0.3968857046834279,3.49398480067047
6.3850053752317635,1.0006185863067685,0.11969338198441772,3.1500982207035566
6.174598649650105,1.0622655763052815,0.15330583739084996,3.107448698287017
6.21955191865051,1.1288162381536453,0.11470811803341943,3.6698199913451144
6.344207009760723,1.0653110939254813,0.06441812394626853,3.141486301523311
8.099193891219333,1.694937037412681,0.03155755200051069,3.89876312711588
6.005605308881527,1.231000377179089,0.14204398512597685,3.909109077123682
7.372867440122622,1.1941622488705181,0.04484357781153804,3.100107486380535
6.27524141121777,1.0404908236098505,0.12634222355055452,3.762192237791594
6.046035050348646,1.307410872557928,0.2041660429290953,3.8618372489976123
6.030513938032268,1.4799208612513743,0.796706373280256,2.5402658659137884
6.170687803834692,1.619730434062137,0.8632015473344675,0.3259571625748392
6.334641689662706,1.1369367832401909,0.14490030655268793,3.5901696781756653
8.476876301574443,1.7827620153441472,0.015023508861443345,3.8790742427232274
6.074489240660489,1.0812229112805518,0.2546319789345869,3.4777318783502422
8.014498407972262,1.4001930077718576,0.018802759296789387,3.4818770371888865
6.329852742865186,1.335553562919186,0.1199058168182402,3.9867333381262395
6.178968860856098,1.2719127533430774,0.2575853260958649,4.069325465859318
6.3131310770739,1.0193998303500653,0.1154875644266797,3.273012879082021
6.7347560565246045,1.0787225941576455,0.051192066479061646,3.5472969085603046
6.561973343041219,1.094597315515108,0.13441530611184813,3.536843585628969
6.067900733276117,1.359678855289063,0.32083901577908946,3.780184803364371
6.06350547375157,1.2799881098609711,0.42580918342363355,3.2682306719552905
6.004392205928372,1.5066570538383768,0.4931154202086024,3.5574292196185975
6.063187522346418,1.2893259993808925,0.30939717953323054,3.7341133292029682
7.508763711568153,1.3645224103259046,0.02503064067458153,3.2055196474228334
6.538811704607232,1.1043743331517129,0.10140203584563451,3.979150294222194
7.62043007967843,1.1950374280542924,0.03882518589193455,3.474866966023286
6.090965669567199,1.0980049929207,0.42317713154649284,3.42354670100091
6.056762272422608,1.083160616445812,0.11689284196928376,3.721571639291829
8.864771440149195,1.467037859843979,0.01649595448601556,3.4072455819440512
6.089011270754291,1.0348610860159249,0.7639484565917055,1.0239367572873777
6.016698359111134,1.2960701455231547,0.6935704441404736,2.650934567165934
6.0085963725362435,2.1670622201725593,0.8475986459118214,3.494814429202193
8.388611119895577,1.884780172400202,0.0215730811430174,4.031926730440276
6.151939911983964,1.2114859402966804,0.3192312620516889,4.090247622850415
6.077302131622986,1.2627846729373684,0.3236045128983254,3.9325613137484994
6.071989348511375,1.0090482744096834,0.4046628092916668,3.3330099339846715
6.123661092542026,1.0919424824761077,0.2138395314044587,3.8772628824229596
6.206750694089687,1.186188460267502,0.1569314424744181,3.7356132065129866
6.045020961383954,1.1579128607202693,0.18071883189303406,3.7051227716891426
6.0675948550403636,1.0582602875283862,0.4658214262515267,2.911260938936489
7.571516638195756,1.372511700335437,0.05449977149940153,3.3599818723124035
6.084724997212645,1.0748320447378448,0.3703856144740499,3.5643443581591483
6.171956028542582,1.0928420740063365,0.05429064056623591,3.7835717647097455
6.073419106826211,1.0962636848049863,0.35658394427668666,3.410637308531426
7.317833937597296,1.0939024289173305,0.04214641090629817,2.795632763149071
6.3322863972804715,1.0800977476860896,0.14779656291546756,3.6774396917444854
6.041935967905967,1.2986305272939158,0.690267508842019,2.3994788250936634
7.445441536203684,1.3834228997920266,0.02054588230737918,3.874127504064664
6.324607772091215,1.3220922270521134,0.11059424224084899,3.8989577883236315
6.232855845333624,1.2802632325302843,0.7361020115012171,0.6613676689477506
6.019603495440598,1.3967062675042465,0.6142959150616519,3.1931744820824703
6.030911025223146,1.2787518063462404,0.9305218112168312,1.270109615477551
6.3661357213949294,1.2994970337603136,0.09306850899004454,4.012404042246883
6.12382918241198,1.0590365467229388,0.2762931906014582,3.538740029773576
6.393136602019639,1.0231937473026138,0.05664692114312961,3.7765625268715155
6.019571239463588,1.223131187592565,0.3045505760810709,3.6010748985173793
6.211229507953126,1.2900065180505575,0.8183015781911736,0.8496737028392489
6.082568412927763,1.161162574072467,0.18752092238366025,4.011003757111152
6.1259156831824795,1.3094876514446574,0.2732065839880186,3.9558802615115667
6.7872893043028855,1.021296407524797,0.0474412567558937,3.1514098045600405
6.190495478216876,1.4576359820505997,0.9045819366540009,0.4765596307695905
6.014738852761456,1.7626018405618886,0.8452286666870704,2.8840764610097596
7.125420807592898,1.3922533420310885,0.03850056428314738,3.7467678369557795
6.062164040266356,1.2213716545605755,0.5503419362492075,2.8736185288456237
6.107265274083556,1.0194964293485982,0.22700318140614142,3.7440772456578175
8.276740287620928,1.6770204624095233,0.03327340626418472,3.6725500811457046
6.030840392161192,1.6671252718691678,0.854357735133242,0.18050535885522223
6.023483320649746,1.5295172656817628,0.5811641880736591,3.572623383546226
6.86014815830287,1.3966017890919398,0.03401735082989611,3.936496212587277
6.194230096304694,1.0697908527272606,0.08292423666649967,4.05217257337888
6.060075194568198,1.2352181505016084,0.5780217888379371,2.890188817617692
6.057809514796376,1.5208327948641964,0.4393264277395393,3.7878250639493753
6.066762871634543,1.1000221994646386,0.32346505437409395,3.60285244890655
6.172178788540778,1.0855148507950918,0.24733127387435494,3.878955431593159
6.027682094418556,1.362658979522298,0.4842270635501954,3.624650281919941
6.589601347024947,1.0442025589131947,0.05627435562406667,3.501538872593388
6.000466014301631,2.117485431248899,0.7859110733474202,3.444708447401727
7.18940730242085,1.1533458808457384,0.044967795280920105,3.417639164477338
6.154736305594054,1.3180113138338212,0.20230495766369508,4.015250234889754
6.123479667843365,1.0628872647320313,0.4407736691920456,2.8322715178659674
6.6918680958372745,1.2368947210090124,0.03640074534712766,3.894778410560453
6.491503373154508,1.2385996562854795,0.03827022981582108,3.7009392860020247
6.50835848191409,1.0505936481142486,0.04221721917691551,4.034681866128574
6.225973593614732,1.163794157465746,0.2723396739708793,3.6906461342769723
6.017815716672734,1.1321587652242138,0.3096572263903027,3.8131439993751544
6.05941245649896,1.082556808324576,0.41017225084737047,3.445569936519379
7.03439880923631,1.2628208373389638,0.04649961090601071,3.300488960910173
6.3202186978078165,1.253808871143561,0.08675016318242135,4.06656996724532
6.041902637176974,1.0451092767881294,0.7022919279117437,1.6996051532592975
6.328595617178441,1.0203421232999301,0.1498116171642459,3.113483651990258
6.020795600627367,1.363354602066194,0.6085822121423075,3.260602907263941
6.120724540713203,1.3543843548740127,0.9324368562181102,0.6994797126106296
6.04334679079716,1.8892628113341858,0.6994596996266409,3.5669306468765174
6.016564375054332,1.3812117278324805,0.7062745874570108,2.970677428473614
6.182296444194019,1.01216241996653,0.1721001298163079,3.1998782366118346
6.404788072634937,1.1632340033573916,0.0592990848504958,3.6206574783928493
6.093812966488108,1.3190771530026395,0.4183977225418213,3.614189504277386
6.045584272016555,1.4161987038045574,0.6501077293198975,3.022875933545346
6.055907102979025,1.2174029720444344,0.28955165434477287,3.813594781747608
6.587075329522137,1.1910473361623515,0.11279351645316245,3.5101051038440154
6.055449155824887,1.4877139387007505,0.4933262952237996,3.6800353156241905
8.722444600559863,1.6783447965179656,0.010387558863065126,3.877434801829496
6.285319864399831,1.0437404459168846,0.13977846277708406,3.350660269168535
6.902901827225885,1.2116806739410755,0.07534009472297314,3.4273218077237146
6.001450251814014,1.1175371722092005,0.5579984017486006,2.705815178374229
6.185489719116724,1.0011226779959734,0.3624890893223164,2.825521297700111
6.136813292818129,1.167365549359568,0.19068666115513694,3.5158646173706476
6.0259834183245715,1.2249055458043554,0.7154192701396835,0.8425803218531456
6.0294341983423765,2.4377176609069426,0.8750402527384139,3.593025801575953
7.081150275856205,1.2764503902637168,0.023244905167253575,3.3192358457790343
6.021764240463974,1.1175558829594185,0.40339535882522415,3.5645936933917595
6.154242666588781,1.1484220571363937,0.17678398480383575,3.9024090001972898
6.505598892355284,2.194788061915133,0.9904870015098988,0.15132468791577894
6.312419835461543,1.004829311171414,0.11519491585084929,3.448617189080945
6.04158547381127,1.0574522851545487,0.16498882294498998,3.867823017220132
6.015209386728679,1.2440200233252499,0.5045247091703012,3.1973528952648165
6.029573310844914,1.1566598395105223,0.46517492255598086,3.4459868196799635
6.575518730396007,1.0984357706287113,0.04547623924948865,3.6466369578607236
6.382495421228307,1.2617453489439925,0.1011431991654726,3.989250434912808
6.329215190856985,1.0007748945026047,0.014141567946141485,3.7716807283933025
6.006674718371246,1.3548227815942921,0.19683570111220894,4.0915625067021
6.003993691802831,1.5830260558352116,0.958639591761135,0.5586701495397474
6.044695905412459,1.3868079967525488,0.3188683387827076,3.952944855745658
6.428782551181226,1.1711972503387775,0.15010507295284947,3.626184193185993
6.20131538302097,1.171443171001685,0.13104788089422398,3.6423047568701943
6.261265411015209,1.208095664990945,0.2483740169574386,3.8290388778968225
6.024430396715706,1.0660050739781968,0.7609942697080655,1.671527987885419
6.75899480274794,1.125763354760166,0.04810770511251991,3.371415079150971
6.066704406804395,1.1393073759068386,0.2500315653058227,3.738618549134823
6.202402511642616,1.5937721878929259,0.9535867980542219,0.5056245870064168
6.002477941960631,1.0104276710052822,0.75737787279867,2.0419410215421547
6.0126940827939235,1.2905737802460016,0.3505490750209298,3.9499556600371926
6.011852426654129,1.29226892763569,0.49437466517945033,3.8229370929278166
6.549609403682819,1.0469619825248317,0.05342677129156532,3.325299393318519
6.103331973367601,1.0358215495605039,0.3125067356528919,3.197478527955833
6.040967337472728,1.9513518853927876,0.7028533202749636,3.744311830883901
9.258499042119377,1.9736765977025843,0.020179666530548555,3.7879938432905926
6.260143614592243,1.1904049107537054,0.25953275705597245,3.803763381820027
6.138159294587015,1.0701940315354672,0.1364318379205371,3.9519919372564947
6.262286783643942,1.3110136714535128,0.12998055908562406,3.98562602772875
6.056548519133135,1.1712838555779364,0.8646340314741539,1.0910929848593645
6.064930469395195,1.3557063699974767,0.594381240353776,2.8484101177342196
6.02427105049718,1.0164652295950047,0.5775100139921683,2.832408129490278
6.117822992276583,1.0448705311293676,0.16991386661580227,3.397669678371812
6.199513068013084,1.2588254089244926,0.09623137058482459,4.010190675389717
6.01626271216839,1.2343573251820552,0.7221050258569767,2.5680723754666683
7.242650473715127,1.3596824339607267,0.015757108422460087,3.8455247503180225
6.234941395656901,1.2353301894476785,0.23118289459536806,3.9775639102806974
6.049504123482287,1.4081841660552084,0.8072965933512728,2.2412441182800333
6.043899263026756,1.315727084861039,0.23768998947886089,4.006986286688459
6.774098463564994,1.210739432375361,0.0898484068959973,3.3221650390036177
6.137284198852013,1.017806465726314,0.15019707302556834,3.0101813342114667
6.11838928337249,1.102588748681726,0.7287701185968738,0.6086262045236026
6.112621697571034,1.1902626120973974,0.7827871119872434,0.7430425513409278
6.03522557668868,1.287826114191182,0.5306915711550796,3.497854370878315
6.053408405896541,1.4008830574183824,0.3939480571415614,3.661194534354269
6.08028672080341,1.787266473046971,0.565378542430434,3.8694626366454803
6.032371006071781,1.7434923833896019,0.9235093981553717,2.4960226023230305
6.356013774582912,1.0139811854292942,0.1525474986936105,3.23296237662533
6.500820992018741,1.148224128390076,0.04921307177877672,3.5159701436042803
6.080947965688271,1.0535600402421639,0.7665743937599845,0.7695971675439002
6.094448274901091,1.1656917325422524,0.20364232053627818,3.4939494975253775
6.066052118507487,1.3205296545032215,0.9195238459835878,0.9670202362519783
6.019142997888615,1.4601397300038017,0.7622298569433712,2.817017907946545
6.076283835412877,1.2282435729930978,0.8445732680805875,0.5821966238840213
6.002043270882826,1.0923537555344889,0.6551211557130965,2.78785764200445
6.029246147509972,1.2577002552923993,0.37799974889085786,3.3215356587141067
6.1219705794751516,1.1781200720817846,0.24537527645863705,3.959795323475729
6.0809169794179425,1.0513279456777727,0.30516067095398747,3.6240837646853397
6.299668065138762,1.0538999437645464,0.13208073123113706,3.5223915341944427
6.002730942054254,1.2422004333709888,0.7331824829227951,0.8480573825497298
6.153535654624889,1.0676880087011968,0.1664562266043828,3.493578087832556
6.7658836543153456,1.079731900583874,0.05329179977774869,3.300296578208911
6.996323366893025,1.2642448722751034,0.061401167691099844,3.8728362392601947
6.0373553177874015,1.104676999068447,0.4119760554889772,3.5220896964883117
6.149726615621131,1.1752362984608984,0.37611945218091203,3.4862490634731005
6.024891646109907,1.3128643637858315,0.3284752948431944,3.6197854212655294
6.9334187492178465,1.0246051374787328,0.025995399532284164,3.647248563124365
6.031683631265367,2.37257465504647,0.7657160970209111,3.9419243535227033
7.130154214985931,1.2179489372098113,0.041004276452678706,4.059017714712576
8.311478432125561,1.6319473036866898,0.020313762816427113,3.833356694548991
6.239745230002019,1.0756475413265327,0.191804970058758,3.2660569973762628
6.3263328684076345,1.2678150399137493,0.06655479692316463,3.795431445267242
6.135258021377718,1.0746659927332796,0.10085234463608653,3.94677967301969
6.380919154888036,1.0984079248671306,0.11497455334379533,3.288144910731768
6.101139870699052,1.0819262967738252,0.24503691583450044,4.037006128023095
6.001509075860924,1.373344158988365,0.691230325886282,3.2319906088144092
6.030142841538375,1.3256067966908445,0.4632354206574594,3.786054562055688
6.049650874474161,1.0333042694719374,0.5031861752446808,2.9723952789656547
6.060147703341962,1.3393175981458572,0.41597655223589103,3.651051875545206
6.004671776104919,1.3007959856168243,0.2092753766943779,3.8692002878468195
6.362233556829256,1.069616987266641,0.05899335942747973,4.032738150369545
7.135588999670662,1.3454096264043882,0.022868911773337657,3.811995843222152
7.448129856850644,1.1635495059237893,0.03970024260613448,3.029725439509173
6.215322100532202,1.8283681411497397,0.9794666455341386,0.2716695731948887
6.120435495809516,1.151371022708948,0.2867752342385089,4.0170217092897476
6.06926307822731,1.0000492334808084,0.7527935787878329,1.453191981215576
7.865766076343133,1.7939357616968883,0.0253801868153498,4.0223289423379445
6.042072233858066,1.0807262937263056,0.2864652972482446,3.1696878496929966
6.121653043057204,1.1325386227442027,0.39898526576597027,3.350320113905726
6.628158106422624,1.2911201861902022,0.09422854171899343,4.000810238550579
6.11814781733993,1.0074379781203129,0.12830388618879834,3.465639509019885
7.257127817994257,1.4062613066208414,0.061533038535818985,3.718957534253644
6.0333815644123625,1.4291774728972206,0.8080459803891882,2.2354776838538397
6.861979441025042,1.321608220576524,0.06061715318685144,3.8483552448685345
6.393733113287565,1.165144874423487,0.08116231631197256,3.834604938905726
6.036531747834529,1.165310013058117,0.6019521629361811,2.943542581023021
6.858896283829426,1.255727840787054,0.08513197639781385,3.5158128534023763
6.007576412608991,1.907642210464043,0.8599456947377192,3.0555766609781925
6.886125965698252,1.005372336776654,0.036395530596277904,3.644047740839445
6.198967295820766,1.2234648214654258,0.7338413862878261,0.7596740567566328
6.119016701080921,1.3320924251910649,0.8886299305762808,0.7945044214508479
6.06536673672636,1.090676451723272,0.24097328235919302,3.667262993459736
6.065014487494133,1.3967704966155572,0.445029233037021,3.642033622730085
6.005812581568039,1.6204244368990792,0.6993142672527415,3.325271917070504
6.008954413646312,1.2724307758828057,0.4984002765518355,3.2598792112484705
6.0301733626215945,2.603648110173629,0.8498804328510119,3.7819267860571535
8.400006370828581,1.514502059121146,0.018962242166183155,3.9768629722847186
6.812409909418184,1.1334216116841274,0.03809682851034147,3.846410529267553
6.004362581404367,2.267920692473854,0.7675968573123317,3.6429474023069206
6.025287083408213,1.209530879792192,0.7411106896491652,2.1986567523437373
6.0745659659548865,1.2579821865896876,0.3830983898829992,3.8085138826439513
6.271609816241539,1.0427407843436098,0.16431076670568992,3.143711013071542
6.020450577725556,1.0802781176835765,0.2248003519252375,3.6883500796057556
6.632713241466276,1.0993099133297533,0.032712704854869504,3.734481339378497
6.007210878369039,1.3685867452069749,0.8421752032689787,0.41080140718704616
6.031069676636194,1.519593725129849,0.8958574028673927,2.2931209125775114
6.800311569209866,1.0076143867061762,0.03967447728322286,2.7425742795439807
6.541090176875281,1.0692317057915812,0.11028306371882282,3.9821275108450616
6.217217087314045,1.1792242303938865,0.11595105324478613,3.9426659501557135
6.372174307032342,1.0569313346291866,0.10711490313071621,3.2127739733863154
6.002132294462219,2.0488392414324648,0.7731231727618166,3.878048972826863
6.095252153805663,1.0253365415108906,0.07477865118121613,3.2602097068379425
9.115430567512576,1.5699599388424215,0.02461625436431858,3.0876264703737073
7.278788759185496,1.0148575832782116,0.0717851723479842,2.569110415371384
6.033906541105241,1.2066629923961671,0.9414461573494995,1.0341705854698184
6.277325640240721,1.1475319287320644,0.22107181228593709,3.923535615196795
7.388874266545826,1.431231958951644,0.034765837787432044,3.5855885656965913
8.899590814592063,1.1539836094138431,0.017165761111642926,2.674489912849678
6.178050551970976,1.0775820047283737,0.18936944040269021,3.0545115233479554
6.076029222947621,1.0892394303926725,0.3003883079681819,4.063406509815116
6.1668686660531975,1.1512336980093685,0.06125173133735659,3.8535270219043896
6.030347695660838,1.2528770770103546,0.5691997866788534,2.9534070439989293
6.197022535676386,1.019476928029823,0.09216086107680344,3.399025562842996
6.646750301549599,1.0923647982281843,0.06453131386190475,3.0241360990801343
6.03997361156814,1.3912949433269595,0.5876708404159641,3.42253563114466
6.017847974717539,1.6392136877813535,0.5811731154100758,3.7052873045377503
6.049702630888956,1.689972691637086,0.5590685348814938,3.8010335366920613
6.091226213874931,1.34533865505926,0.886023831888862,0.882033467037542
6.0265904021448735,1.0355932316889165,0.35316980870103126,3.879370643479558
6.096321645886827,1.0861602741467111,0.1938238936851703,3.591702418612649
6.56919558359009,1.197213026860224,0.11427232392291634,3.951322429757676
6.01123100613559,2.0255601244110313,0.655923385055274,3.8129063253291933
6.050584963590007,1.05183020076068,0.4931536097302866,2.7118602608524784
6.789528249768243,1.2248887852786874,0.06923923414675112,3.7812518244395745
6.026047453982816,1.6125253769425176,0.8465560663147598,2.6447315725894494
6.048017331620584,1.7799246995112745,0.7413961068623472,3.190703211607136
6.518700029449279,1.193494839635712,0.07231207877370566,3.6255070479216833
6.613525613936777,1.3334066997662584,0.11920559600573107,4.065514693264918
6.494956793709658,1.2447724112109437,0.05188498756044797,4.020190983880821
6.0578245074968295,1.1079571861908608,0.463017829775456,3.0261334587156905
6.028976788417453,2.186163062222215,0.8486345908130988,3.2511487840221407
6.010223228473984,1.392548284145906,0.5524758857248814,3.6335993619239066
6.035368615628246,1.3183909220493937,0.47673387383665966,3.3184346065741894
6.037752591067828,1.5546842730699793,0.6687708830399486,3.3365410954169827
6.7059847135786725,1.0370159048721135,0.05281123129831596,3.165060346719703
6.016222138899963,1.0596689274126985,0.45660513180606255,2.9294214896123227
6.003108710607813,1.6920334795129952,0.590745283668172,3.702996089235564
6.0390129406768045,1.4340109065682587,0.33218537879973753,4.057926792469141
6.1153349987417815,1.2066128242578802,0.7039761712829996,0.8637573592627373
6.029843237263745,1.3074587909570288,0.4448755874564463,3.8443175025990075
6.022365917728731,1.6908642565024121,0.6327418913841071,3.6531185403473208
6.199755124280117,1.0228000484486222,0.24572884642852605,3.1333229276019994
6.029231925453132,1.2454227091110681,0.5138337222959415,3.160253590646439
6.263618368028636,1.109222817135658,0.05400033276799049,3.57888897398672
6.015243168489099,1.0631563477994561,0.5433565814362189,3.0242863014568044
6.401451481258376,1.0981286315661583,0.07779853832026273,3.628765815957138
6.5591743310238195,1.0739486402078309,0.06542025372097487,3.491648186129791
6.586778879588796,1.0078434030157877,0.08210266924762578,3.010443696904946
7.562898561920777,1.2368433566508816,0.017633859112355134,3.232928151115442
7.807926448639321,1.4489962475015632,0.016404912024516237,3.757932451975328
6.068332270671429,1.215448045187579,0.43667834659474297,3.2153058351188477
6.3026915603231455,1.0961927672958027,0.16182786144868574,3.227231097001229
6.0475638817973465,1.2218431429279597,0.5302594942375423,3.2666317352635286
6.689342573906466,1.0321380157425974,0.016540698960007344,3.6635202119687067
6.101743592157973,1.4458820594385713,0.976487110666541,0.7948982442325265
6.4725086027324314,1.036024981462636,0.14201045428472417,3.628992267348945
6.860306399042427,1.3222828969678393,0.03302351604218321,3.664832197337564
6.130598421474714,1.163006424561536,0.6895146260937111,0.8575195883953115
6.359490839306468,1.1438033941913182,0.11107501628008432,3.5000278264754834
6.103786911457605,1.0233112320071054,0.5690055053479117,1.0032262439031372
6.138952298704228,1.0379872024128216,0.1418243030944682,3.690615776711468
6.173866971607786,1.2448623517395192,0.842874772960877,0.7843752588086036
6.1823850791466,1.2698035346542111,0.33886912838727945,3.7121118458661573
6.015707445059349,1.1979253620758337,0.6398312871922986,2.5208075039239413
6.0852353566456046,1.2692774022575708,0.28219204285994637,3.9374422280959225
6.012208228404608,1.6041873844937626,0.9792358006289278,2.2485355707421166
6.161295419278298,1.3483262208325728,0.346638640195438,3.893765439770666
6.521918346445722,1.1775448394431722,0.07572609314427053,3.416501612994569
6.007184027348207,2.1717753511418234,0.736870905885587,3.888022903425005
8.28612708876327,1.4916670313813403,0.014918240659274579,3.9904182562648574
6.163619503485184,1.21905551297644,0.3112524932452265,3.7627291776890113
6.073842332019445,1.0203235590029385,0.10706500187443567,3.363108018585109
6.088660018126959,1.2843254378971398,0.18298568505367688,3.7546610386171593
7.4021257158368545,1.3268002667196197,0.05636779844567949,3.7459958819457704
6.0038677395846936,1.0373074112136016,0.19691160870157565,3.662112487642614
6.130486124692662,1.1095608911834782,0.09781234563863492,3.5056278484205463
6.960657422156892,1.054368931510583,0.07103214238890608,3.3804165422119583
6.672790754529162,1.116185964696869,0.01835973410733531,3.4910696285036473
6.1960496290426175,1.5310418144757414,0.9709384928429519,0.6799931947544033
6.000886895317259,1.305612134111672,0.636114438855079,3.254292468095345
7.531694663945566,1.3173497907462361,0.03961877151351051,3.954818617521952
6.033412106756026,1.7321754429082046,0.833866947210645,2.717257222431089
6.09224111357974,1.1657694410770147,0.42048223670216145,3.1620306353684686
6.980540250288189,1.254136600816115,0.037405443402423966,3.2793045001595766
6.0542077561031755,1.3432553871987518,0.5135823473185479,3.205426444398883
6.1268233681904425,1.3560527447792134,0.9125953094489205,0.6616698916842761
6.037570076879011,1.4777942283307408,0.5278137717955667,4.005744022230534
6.002599591259173,1.831764855420166,0.8230032814242815,3.1867872331436065
6.852626998245159,1.002748287381044,0.04465249183126226,3.58339509627671
7.121276486301533,1.3821959062970846,0.07267964755320097,3.83130374826559
7.276789610793678,1.152399533587749,0.02909479366534187,2.9616087878274104
6.431635524605419,1.1393143175758675,0.05948637914966816,3.7121123942701506
6.215525606089205,1.2675199253070903,0.07152117328172938,4.0458751165500635
6.061727875157219,1.5212010254935733,0.4856225646768024,3.9615628548240074
6.0311600519254,1.8264854332836415,0.6025531715071184,3.7762254858443702
6.680503695086843,1.277717348528084,0.07275581278601857,3.8512749685602716
6.082453190204137,1.4088380582559148,0.9945094670690018,0.9822847685098198
6.582832147948279,1.2743493610431649,0.04917720172754426,3.851327704185778
6.033344421902208,1.0516151263451534,0.7987897089384032,1.1325745663271956
7.377809519793702,1.3327180565940613,0.059667888688991005,3.693678482871764
6.270235398469481,1.0362789284246146,0.20106302181062635,4.079114006423747
6.138321015866052,1.01503661459419,0.12113895417749068,3.3041692808727348
6.062779968129855,1.0159466047784602,0.4379137623408683,2.893898062195463
7.683216346331953,1.2521968385653666,0.03662234481872932,3.4436867876723407
6.127509965794337,1.0890466619749488,0.6708776003965814,0.5231091120335432
6.044269834933748,1.4511351345411236,0.7188014929360271,2.7892606908362345
6.9838054935864164,1.0364909414719807,0.010757193595051728,2.992062343733647
6.9144519814931735,1.2019819395321616,0.05855433139485242,3.8325024959142335
6.992397135047385,1.200566143921196,0.06181844985058085,3.6639978075462536
6.081429414192281,1.117430319113895,0.32879248194559474,3.3169297955414097
6.064094947964222,1.1805654752305816,0.6695821852210558,2.181852658465671
7.09015555559943,1.1934025361371154,0.04598854582716233,4.057053114411884
6.151424296034187,1.237523401742376,0.35021256014919255,3.751641354135637
6.043050777189921,1.0304387699276183,0.18667170580243442,4.057037407484257
6.851496023626887,1.01772459121699,0.035735707780490636,3.2905456647660105
6.011912214746701,1.1568366670868937,0.34245089272776635,3.0802101246641587
7.117214161457448,1.4547817606538407,0.056768951733981034,4.089298179495692
6.063806186101388,1.8320290294490182,0.5408517210528124,4.050700102978388
6.03084677791546,1.175210304262831,0.44597481954654283,3.9338041613764503
7.455967177962176,1.403638628898016,0.0527420847086871,3.997936165501902
7.608705867096781,1.5175587937119344,0.02220292146676984,4.073931499696947
6.014227306590296,1.157968985111542,0.5736790493497756,3.022572268396367
6.034992812727375,1.575859519940142,0.913033853326886,2.2172089948762803
6.046677272383609,1.182991206795365,0.39422835198956263,3.578369298524254
6.0429834208110424,1.1819308323389428,0.44128675861939204,3.949871481649023
6.036787598996894,1.329366637425827,0.31248145152466605,3.6693092170485166
6.067347757861568,1.2683997560684972,0.21507250752690457,3.929034765481923
6.5623862743794215,1.0497600320868758,0.060687759958119175,3.5505638675719684
6.012697923975562,1.6492182111374432,0.6502676142093248,3.97396545359127
6.109816811398538,1.1430986837036246,0.39556221630257216,3.1535582054105493
7.910681261528821,1.4180371767269335,0.014403018080972222,3.7276929880641663
6.037915852657873,1.1093161415692678,0.477181740368397,3.4923448856276083
6.070123596692377,1.5894061932914276,0.4186497421657819,4.088940568920174
6.080156226134687,1.9494474512984064,0.5961165770980291,4.045788274273158
6.333459540656859,1.0886573583797399,0.06891063620360105,3.231706154116448
8.97765801002259,1.5646603087181785,0.01874850126338775,3.019071701572455
6.18101143152105,1.1718215433850827,0.7444174297164374,0.8462899334066043
6.036214642365558,1.5404996265515944,0.5909880910794371,3.5160561902279315
6.06362502867219,1.0709533572501506,0.3519654666417628,3.8275143899789303
6.204125528353804,1.0990758440170076,0.15957952513099444,4.046968231169411
7.507807425891193,1.4818115793896487,0.03265731837619953,3.9766475153297836
6.101691003279595,1.3937369169273812,0.920077673961565,0.8345422833582389
6.077564433726187,1.218652021938239,0.10909025542186093,3.8048779986981867
6.076665521797228,1.1832735513154125,0.3865617624311237,3.352919848540797
6.052109372698267,1.1865083052766174,0.40447711536433373,3.357495762622539
6.059927281713262,1.1760699116230815,0.25458117510142875,3.914218221757848
7.465386775171687,1.2643171338622718,0.035690211090843325,3.210266228444352
6.101368620344146,1.0948497777610828,0.2844237645327732,3.4235564391715942
6.029148764159485,1.324395350102478,0.482032862132003,3.303600529519701
6.0117654419552204,1.3709768196443388,0.8692021248862968,2.1392768882526996
6.011965262932177,1.4700052723382457,0.6377538645679338,3.1252549328627013
6.117772177757816,1.2020017408974906,0.27053916959265584,3.8731962939280513
7.706148651903092,1.4042669347439964,0.015728816832099576,3.668021672499925
6.303604819451714,1.1226632859001286,0.08052895198690069,3.6147958316876996
6.5121869202993405,1.2200186258325552,0.10146376358694636,3.8185532819162904
6.106237432365974,1.0135373383505144,0.24737749607489715,3.7241701755906806
6.007737099812149,1.0559027964076257,0.3084571088902136,3.2756182811187893
9.438345024719334,1.7629771682469617,0.013188819272985194,3.2546709741905797
6.09657395162852,1.074661484332264,0.3075587718983457,4.008904905441092
6.738518467400134,1.0759523827932167,0.05022116412437662,3.2641950405304585
6.28526536198632,1.005310022203136,0.12243378793772658,3.9824876334380344
6.38567147541874,1.5360933297470578,0.706654668581546,0.11486562610433881
6.034140761738279,1.4440011611229144,0.7711349271975452,2.5412208642034972
6.083458819041787,1.3579817746117133,0.8282330453921029,0.8348796291140509
7.5559941743950985,1.4213484661991185,0.01196816763821917,3.8639021111359253
6.0247220586788535,2.3496919450314797,0.8349632596597644,3.643986704065543
6.07881070505659,1.002263475174323,0.1946271081691724,3.1883077501541686
6.50252203353187,1.0351560725009543,0.06408485757046861,3.130629522390964
6.152945515042757,1.1289653462223057,0.3015632797206304,3.8257296007383537
6.171696578273501,1.0869213183756858,0.07454645117222636,3.721472638571462
6.405326681225489,1.209194421534244,0.1446409184610814,3.8395310573400376
6.0671780234438755,1.4067006562740703,0.9278138768762108,0.7764707217054468
6.011673086913408,1.6907620176309839,0.813936901492082,2.8591306292758363
6.135838623684313,1.2432663666595598,0.166995268902347,3.9347755260252377
6.079976083090229,1.3882349513053978,0.5146695656357138,3.3200739070423824
6.109214003545006,1.1345526725701875,0.40406333325845023,3.434067921026751
6.069313597027917,1.1105238724699302,0.2156607811209677,3.733636175377079
6.0064274121818295,1.2826704665063837,0.37367455253202686,3.422205995529397
6.132377001746553,1.418065613364098,0.3151901366121353,4.089942238798413
7.003535391387561,1.0840044904510018,0.05020376478925957,3.1496985034637137
6.010708063558615,1.1220865913339102,0.16533434281993645,3.602371202128961
6.000173054365397,1.6519972703033612,0.9388091474318732,2.4949045722913317
6.997172994940822,1.0050781469762473,0.016685677358200555,3.3329280172546865
6.124862292802636,1.1656119350374305,0.30858338433136234,3.4422571883082993
7.119788967695966,1.187189311255637,0.024814145378229693,3.4275502397454662
6.333782191113884,1.0049926286858346,0.16020972544103168,2.9385620820026648
6.561421641017777,1.2801534405102017,0.06736072370731971,3.6543538095868766
6.1110003654529885,1.3343579464882842,0.4191606877200016,3.7435036927954672
7.825700440813255,1.2940302668899428,0.03952723204533236,3.204374496235671
7.981989776037789,1.3448481463092221,0.017223290505125076,3.180187000516731
6.09647801846407,1.2036204892900337,0.38616517157107133,3.712001942139351
7.6204633145424,1.518532154213933,0.03454088092623792,3.5715596510938794
7.6049545041793305,1.1113203616476348,0.04215328894251632,2.581619122769684
6.058326162658653,1.1945485404677822,0.33041751982172396,3.3895743380116294
7.594206438198784,1.3426356310850813,0.025986314967237165,3.715996018208815
6.02290808828033,1.0936665004939468,0.3580071065218247,3.6793287774137835
7.414363678371811,1.1867782681960262,0.05820130416690457,3.220233264951126
6.015480109033251,1.4543015288226127,0.5073498242228331,4.053777429837488
6.273198547529756,1.084343306147324,0.12370288249189662,3.5286270804739703
6.115037991979828,1.1245997884877095,0.3397543671213579,3.390697212095962
6.476513181725791,1.1296900123693845,0.04801500727537156,3.836899913723627
6.0542375422441,1.1347216667498585,0.885328131370241,1.1234715927468808
7.0921440754273775,1.1365247924442614,0.05977994744835588,3.7207537058008064
6.018792735088304,1.237095264524656,0.4159792405065184,3.5576740956046513
6.075910072884402,1.4937780585483118,0.5745461711693662,3.2811967177196872
6.022967756744511,1.3821802973581185,0.5228445285071113,3.6609374593529127
6.144700639138597,1.19625061581883,0.32482495345036205,3.9627269089912875
8.95987044123925,1.2472756783353078,0.012638424224574143,2.8016852042204516
7.569705200401203,1.2732590128967247,0.023670255804819573,3.190795224036162
7.69361300091482,1.2430789070289836,0.05129558565242519,3.1535528606534147
6.047732894528522,1.3696881806773031,0.9496824926009402,1.6325752463138616
6.492777749029643,1.0248774000441412,0.02486579753888342,3.3008326559925774
6.2984242397067876,1.0414761256245428,0.14584807847583553,3.5968341864603257
6.1825229296774475,1.01258738400009,0.17367071379204058,3.5448000405548425
6.502810224159895,1.043456148230854,0.09024746897230507,3.6910859062592323
6.02369357533873,1.0755342909597945,0.85712535614832,0.9976924653603918
