r,C,d,g
1.1662081751513957,9.259622062927786,1.9327688530840887,0.3247019483754519
1.4203255169991333,10.180610258492749,1.9896641459347588,0.26742661478292706
1.4397667827315337,9.9803591011531,1.8319136565580414,0.1523508615477619
0.7347785189846969,8.13448607914489,1.9796253633289316,0.4593263510407722
1.1156801320136167,8.974135081995302,1.7349127238423208,0.29177949859637153
1.2564206520322612,9.885083593605204,1.9261380155036418,0.27328455666172236
2.047967386794861,10.028787645338307,1.9972810807850512,0.1323613926729472
1.3255545464280676,8.826010411712089,1.6971490508312126,0.20753352008096104
1.0104210241334877,9.779762764610958,1.8302496915813065,0.24077704161091001
1.2381900453713963,8.504556218828682,1.6908964795922083,0.2771383433516051
1.5028384999938487,10.923974690782243,1.937480623143816,0.17978593217007624
1.0099233913071717,8.404833707932115,1.9134949898058837,0.402277252567676
1.6357166991224725,9.5200507535541,1.7390020491925189,0.1789842423665848
1.7642769812675332,10.091548274090043,1.9940017447304181,0.2085611866172559
1.4271414427549447,9.003247797287914,1.9278224676345066,0.23438984523484133
1.5400988421250112,10.601711355482355,1.8667009421321346,0.16159826749060993
1.3057625686763792,8.825196716461635,1.8984163164932133,0.3207301641285543
1.4121299803350635,10.201418558035602,1.9320718693935022,0.2716391295977117
1.0469630660318947,9.203765845234685,1.9166085682577114,0.2744718275464941
1.1205631504749203,8.582901692179165,1.7010086149080421,0.22704665382730252
0.9826591951860632,9.337087086710373,1.9424746168608524,0.2690113028261297
1.4242810371491275,9.701784445815019,1.9136439036536046,0.16960710355332057
1.4729255136388537,9.336637173297463,1.9473027194465782,0.29865332080795004
1.0109011809934232,8.354796624406571,1.8295017361821428,0.40186590982935166
1.0449082662332891,8.605883548011347,1.88893473726186,0.27907419581858833
1.0126711870686596,8.16095223113268,1.8361147831859752,0.3555492805977119
1.4279897771815433,9.271383131187413,1.732094037747125,0.2422856003162476
1.349528437133362,10.008902610123068,1.9136106629682246,0.21370559971482583
1.0593071141130155,9.726827016677673,1.9664090026853627,0.33623707703197026
1.4958121777930435,10.52872388441201,1.8868153242670558,0.1626375889243959
1.2559348505475385,9.986950830778955,1.9508705916647822,0.1860037245794339
1.0322234748338566,8.86859407963738,1.9253559398564979,0.4111305504396128
1.5428110957851828,10.473287205041759,1.8987746493415185,0.15182548439081775
1.1058971080974733,8.782505503511205,1.9282351859861413,0.30183164467890916
1.749462477432663,8.775996216159955,1.8688595646586237,0.19856505962280502
0.870585358416572,7.914115476918524,1.9751550324701392,0.40505889795632277
1.4419566061221452,9.506369081892407,1.691731174554569,0.19191964825793434
1.2607144117727014,8.867326111082077,1.741302175256891,0.2584887795994336
1.7134961562732811,9.855282046531306,1.862111695371057,0.20802210561943635
1.0708743070618398,8.457108297671578,1.933511798714871,0.37140946251477686
1.4801917346706952,9.516273719846374,1.779614515433024,0.17015761296418214
1.0504586344868079,8.715377713841749,1.9481459870412996,0.37971421682234696
1.1546996147224946,8.208955070874952,1.779810602081348,0.3343372151384406
0.9540500048510218,9.526295441602866,1.8765538727088833,0.33302370353643296
1.4926828705330926,8.316921371290075,1.8166950522088001,0.2878866948506299
1.560444340124091,9.884986727744918,1.968035076484552,0.26686965551046254
1.6803194758816584,9.089648632942582,1.8895816589874508,0.2331298416537373
1.7836313790338663,9.641458154679029,1.8745587719436851,0.21550258550183404
1.3371759000852768,8.65398554079735,1.985737573356012,0.23009880015233578
1.6942750169517915,9.128829288461102,1.8175552378705975,0.1950619358562516
1.6091396865657812,8.560856272414123,1.9253057660928639,0.23345547584630763
1.1935032974028466,9.960790418348173,1.9478925036993622,0.24649309865814037
1.8191972323931014,9.781851012783932,1.9723918614538403,0.16047832371535942
1.0830531298436359,8.292791494810604,1.7974945734087506,0.28202002013442856
1.1703467436845727,8.940902709370615,1.7911383281404354,0.3356449759648699
1.5508752372958223,10.908823125431438,1.970504323527345,0.13472617506369344
1.746792921613426,9.032332666313522,1.7945102062711802,0.16145605213325434
1.058925227186034,10.26232105927272,1.9290812211621788,0.23915634407672814
1.32325858841114,9.642887981163266,1.87722566666575,0.21087388510900434
1.2616755239246131,10.118775811450456,1.9130159633136024,0.24914219166505305
1.065069283113179,9.057842779135305,1.9399287016948514,0.2795851500577502
1.128643111618815,10.21630635749251,1.8429677887833493,0.2239419998054153
1.1301136195617794,9.63293393867256,1.82755298948839,0.2943444007366584
1.408281438747292,9.842035958033865,1.8173158397062774,0.19815098126316305
1.3046818369657796,9.838277111387189,1.9964522831888367,0.22183277520756586
1.6602256819152763,8.846729947187844,1.9454525093283062,0.22714215602420462
1.3249410762351417,8.753604193556615,1.7738644905246757,0.2567692891397845
1.6495961363206235,9.040647729383963,1.7316940878414437,0.21299580271834484
1.052959445950452,8.503272073390535,1.7835326646386052,0.3249948557968105
2.0990952480523224,9.896100046273725,1.9911027163752657,0.14037285489173557
1.1357048739467328,8.418696372704304,1.7465804916946204,0.30650354998863366
1.5769387920372993,9.152470728743301,1.6820763116248096,0.17341711162693552
1.532659466093873,8.86070329421854,1.9110913753886627,0.22141768806397
1.5403632039546955,10.312517631717688,1.9936663628751465,0.20895188275103452
1.5070716946035334,10.283615660829637,1.8610510612855038,0.20324076444776948
1.3548457898890958,8.330537674323887,1.9358212493326694,0.3661751640581066
0.8201675276595375,8.538786945628932,1.967856816726791,0.4333098877591669
1.1651317562983214,9.910596301530786,1.8485506538689547,0.2728401886476789
1.3737755520863346,8.474340194354337,1.8874843942539277,0.33045142417477746
1.073089395121496,8.564985212416973,1.8299512653623178,0.3066667962529519
0.9345971768212128,8.920591995582821,1.9583236764463552,0.3362169717152495
1.2379857963375482,11.34194400379875,1.9076344685212152,0.18566434179592178
1.4667590443949778,9.943074105731005,1.8087469616078793,0.16545468497756577
1.1511237309477642,8.435396993246945,1.9559898577627433,0.2566453190125214
1.5096822033785933,8.840239596038899,1.6841267130343138,0.20586232745010855
1.0845773753848764,9.746063105826007,1.8450829641055253,0.2906551922562651
1.4594681606567652,8.323038491953724,1.6809322600909515,0.21252221812194755
1.95999026133912,10.140602206311156,1.8477765854586878,0.15131207570313787
1.437917903024112,10.455567437225476,1.8197099361554403,0.2014623497415585
0.9870859079467394,8.119102706853528,1.7734441925067133,0.3715590864855553
1.3459420605086403,8.045858469524221,1.8769458736649287,0.3248918747723082
1.7368018379062866,8.978307746613861,1.9958331743613056,0.2253328715880408
1.148360496545946,8.463286080398504,1.7492283971912568,0.2964041101042849
0.9923404267397239,9.021223998206276,1.9547755868729257,0.3938012156716616
1.066650989340682,7.704270790846169,1.9549793367964994,0.40620550778933756
1.708006275749292,9.696625014853431,1.9140035518052212,0.19428603414539752
1.6850779436076522,9.204759395762936,1.861837514306891,0.15095893538326485
1.3102048351490854,8.95876868145859,1.7840994956709886,0.24828120722209218
1.0862234549831356,8.218916478512426,1.9887405993729321,0.402728286516533
1.5573080557514922,8.439435600519223,1.8216441787359987,0.2670341719414821
1.4465367367875244,9.790843771325163,1.8745820546723384,0.18091833933160406
1.516637497401701,9.007369933413083,1.9609203952535867,0.28989597360357333
1.3518476948611102,9.416185566253757,1.909278959571752,0.3140296518985143
1.2810027734067642,9.773126895656366,1.871462151589118,0.1746984037354088
1.2383178502354024,8.009645766508074,1.872222321219639,0.3456275510235958
1.1464570494190256,8.54960031024523,1.8436424754815974,0.25094118379922037
1.6380472824577954,9.284543379699025,1.8887604170300074,0.24146056928525178
1.5565177329633237,9.400379074055081,1.8731734809171021,0.2343547766327787
0.8189052497258533,8.177014625281702,1.8588181420317247,0.38356179906363136
0.8468870805896875,7.846973701088149,1.9486648807038367,0.4638478871856005
1.2789031127066424,10.214317480027285,1.8283322116403244,0.24677160030408887
1.223965721017163,9.625761044921632,1.8870970293698413,0.25201621243244104
1.2868645862762977,8.525206849824706,1.763826831959185,0.2164124905813325
2.1159662614864354,11.17737448884491,1.9637824003555069,0.10361768808357918
0.99129118892195,8.004849831279577,1.9600739540885839,0.370070228678742
1.353865137683194,10.362647163989584,1.9372282765391027,0.23469668187573522
0.9774829794615612,8.770267460082888,1.896465301658082,0.32717223778428206
1.240924497495052,8.942634720088757,1.8243430872293058,0.21521555560209144
1.7418522864508321,9.504477088678279,1.7663561985055993,0.17114146362168658
1.444219539940328,8.578981382526557,1.7757755473237964,0.2160509212575541
1.4392456208432378,8.50092749440492,1.8342709440930387,0.3062385156416718
0.9965208373027133,9.873065499702887,1.9932107770740897,0.3730946543331335
1.2387783097862342,9.241291980042087,1.839478327053484,0.3201073901883587
1.14116344229828,9.79101249177672,1.9449581370086775,0.2951737003216418
1.0291409399599094,9.211799722037169,1.8279814829152892,0.2824823993814613
1.2118681929262358,8.063669015499864,1.6622930303818515,0.301443429174697
1.037652044259955,8.81516648786725,1.8852678611754583,0.3283924507162923
1.2763979823930702,9.475363155686097,1.8332685569127936,0.19065515859408533
1.1340196976286423,8.678422410192393,1.8621878576229267,0.3280921241300585
1.323868618614809,9.933859878119117,1.8312602060001104,0.24511570823360096
1.0869727208905093,8.70014935333915,1.939348869123178,0.37102749943030133
1.1341969340998252,9.80305536228749,1.7868078544724706,0.21427937234541852
1.8029051889450407,9.999377915923688,1.884001195564272,0.13389096382352048
1.4470151247157121,9.368787439805205,1.9086828960475075,0.30384602568497315
1.704618031824166,9.277967418187673,1.7614406834519216,0.19633305562164777
1.6795795256026596,9.574842344649362,1.9285671240175082,0.23838177034307406
0.8630612333725631,9.397972809853178,1.8988109014033479,0.32600123173927
1.5605535402784478,8.625075146276346,1.838952689933452,0.2037240427362916
1.4562957245747283,10.36171877928536,1.9176960959217557,0.17264932162055086
1.9132587853428067,10.051561067450843,1.9921994966063707,0.19403948114882588
1.062633453004571,10.439612971565081,1.9436145148567452,0.20882441204861188
1.640890771895443,11.413765924716465,1.9738214272133803,0.16338523090782708
1.3125499875292266,9.566251005120813,1.7970125841919173,0.20386228401290843
1.1084306004587694,10.135303970192648,1.8909452895758936,0.20029528059299384
1.4344107916192148,8.6074653231637,1.8767737132435043,0.28437952666330507
1.2313782515700036,10.116468011843306,1.8635291742108882,0.2481238950176994
0.9823136850668641,8.842456650273638,1.9522090443864963,0.32768096459066665
1.025135481008592,8.455605438308043,1.8803102749393266,0.32774999722925857
0.9707286690757444,8.663427038386553,1.923397222205729,0.4213997206878867
1.3098385641563461,8.34735531899462,1.853080319453036,0.2450238627563719
1.3091984963903658,8.188290836277698,1.9240351364876513,0.3493062651335792
1.192269020325381,10.63949086778238,1.9037130640030013,0.2114266695243905
1.2448327148919658,11.431110727238462,1.9559945742772917,0.21394715619668292
1.1781019454854342,8.685057775071332,1.8451640168298011,0.3345837809169549
1.1738001017949697,8.79468491703236,1.7324352041259201,0.2487895505496015
1.0146361705959717,8.678615026977985,1.8535812050287541,0.34576106497019293
1.402908580158829,9.987257201285791,1.8469206115372754,0.1828510443212849
1.4576155861804867,9.343311148630594,1.9858340241841512,0.2089307475994997
1.1386978137906132,9.937362078081549,1.8766838736184333,0.28907152568709815
1.3469063243283825,9.377580458845504,1.8441130896227538,0.23836878106253778
1.3960443596860994,8.485238811156954,1.781220925235141,0.2565209781232678
1.7016020544883912,9.812437447699537,1.8139795287549685,0.19293672536376666
0.8270825833884232,8.686012545719825,1.9871959530151113,0.42672047433481486
1.524267152104161,11.582220442774414,1.9309640330013909,0.15498414932696333
1.1892116310775733,8.755117867515697,1.760367645258122,0.30876251870031124
1.3586036599598583,8.381216111840919,1.624943729598942,0.2075163732220494
1.8361218047406591,9.180938821272132,1.9563879212316613,0.1844370002135265
0.8950171493569214,8.463613961563302,1.9663740802406644,0.4326633103546523
1.4552097013312724,8.63008303034266,1.9083734173915259,0.23674028745369752
1.2870370542672644,8.933636917994384,1.9384912785785227,0.3228501273628288
0.8857638851297589,9.486687488983943,1.9693981102990312,0.29370558022561893
0.8939687959297122,7.7271215299772,1.982706483066894,0.39308416942290314
1.0147276906664637,8.75204229694642,1.8831430039129562,0.359410212952705
1.3830166324205457,10.128034239610045,1.9224414335768885,0.16863556380751216
1.138611793394667,8.380190896335765,1.9769728615714273,0.36837575701800834
1.2030662572184567,8.311847027489021,1.9045686301738407,0.3015598197498266
1.2867780044407473,10.03138447566636,1.8458581005658279,0.26802436057527185
1.7458218931758358,10.121635312024427,1.9507413124422144,0.16273447651730422
1.2739684054673297,8.625781467620257,1.8980439215833536,0.2523737186476768
1.5437656936417028,10.737842701486947,1.9231664785425546,0.19402010158605004
1.66921958996082,8.867469618524089,1.8265366935628775,0.17490486641535444
1.4108909850874347,9.027401475512317,1.8988558949161762,0.2154802666719366
1.5111479762337034,9.639641959666742,1.8050529001329445,0.1457784953109223
1.1983667150188178,8.425245399157138,1.6896811104882914,0.3030091064845362
1.1709891850934309,9.665923694402812,1.7479853292440561,0.23768140968558515
1.2391094047349724,8.523681431301473,1.8398615653443444,0.2595903425365513
0.9022229904632559,8.156806287413467,1.9311938610389634,0.41593469947996975
1.4073145756001864,8.491230651681732,1.9691634404638265,0.32968821214353217
1.4101223327356878,9.833733821665883,1.8796441484151867,0.2296619197459253
1.8935677703898266,9.219308814545867,1.921960030145266,0.15643933961109746
1.0565382046809866,8.816234190609128,1.8788628008261623,0.36094113854480214
1.0402857355531263,8.15819115986782,1.9305710679335297,0.35202227086217563
1.3113649374971246,10.036423359794949,1.8073942060562465,0.21783688426547282
1.3238641828101532,10.568492729640967,1.9726843823157287,0.17070555630349743
1.2578060325788007,9.181211975258853,1.7239665178813584,0.1951034889729644
1.3641317584996824,9.011745000988608,1.9329306303737184,0.2320483551584969
1.236506823719189,10.334714635011407,1.813985143666606,0.21686710811437165
1.4421771510771948,8.335349957268342,1.7995569693971107,0.20851125585719726
1.1333919472149727,8.116830384844759,1.6478209779990147,0.2586427378659014
1.2688054425011783,9.558404236652414,1.7681298261120502,0.19866791831207797
1.8486590889714534,8.945907924063711,1.9694520399785111,0.19503467277352407
1.7999714720551268,8.87032230408735,1.9821947117064658,0.21974841853481625
1.703993571412691,9.158336718433853,1.8773748532442571,0.24785013923121563
1.6015088678445364,9.428253809937607,1.7464000876609633,0.14640806077043317
1.5007830805152547,8.714232367400573,1.9645736517616506,0.21138254502775
1.5638706547698966,9.73276022444582,1.9855808689862653,0.232453907531746
1.2361260581892715,9.587874352103983,1.7846471391502594,0.2576858887170844
1.0341565597090676,8.881314655213847,1.8869303861535331,0.3272419334751057
1.0099486596664837,8.509320007230022,1.9582807276978034,0.41060447543673706
1.504044362830759,8.609975354717726,1.8268755821905258,0.26017598420519644
1.2403029960957839,9.092919080948015,1.9246908441079136,0.31582912033500593
1.3862924324470551,9.204067864726913,1.9395230139837887,0.25502241373165924
0.942906863042855,7.835844179249451,1.900960401706347,0.38047391856197316
1.392643345161204,8.969526348262594,1.9765140960535579,0.3310919923785226
1.373012428593216,8.453422399884646,1.9464406054492476,0.2753983500173992
1.2049054798070675,8.47365042415824,1.6859946842093225,0.2662097249211256
1.267819737294503,9.391680222713926,1.9970895516438416,0.3499783897660074
1.5600919809784444,8.79250760642487,1.8685394260303818,0.18584143346763637
1.3195306880196251,9.596037565841193,1.9970999631191435,0.3387430976279152
0.8185316972451745,8.569318835369437,1.9128347822239382,0.3437182716380513
1.7722714392896555,10.172155839811184,1.9961484962024312,0.2208676672743245
1.0904092984629832,7.8845292352032805,1.9256666650295389,0.4037009586339208
1.0320848745252844,8.36935433422171,1.9526359093601786,0.3322777775131752
1.2861869544891604,9.6663536911109,1.8353609034949758,0.2059687654075259
1.102132658530636,8.473774611037225,1.9038612273920716,0.3561540835891024
1.5987425129676611,11.303408650859057,1.9789228513524484,0.1956405757250513
1.3547849977541464,10.497571741387778,1.9867011097155087,0.23874959750194477
1.6915385727271033,9.33489985975114,1.9259218267258238,0.19561268173909513
1.6558600911543466,9.746520440574184,1.9840816475462852,0.174201802592445
1.7241416227474742,10.8296444163229,1.9483600395119625,0.14781963008474253
1.5416163021382612,8.393168359496102,1.9105279769943542,0.24903192081260517
1.2255294361710132,11.305754182203753,1.9630606379919895,0.21667066891619408
1.3255093937047182,9.775617528602911,1.981398455301254,0.29630981869144274
1.5109000502056642,8.871904020142031,1.7174047442607443,0.1883070328550149
1.0741450807722983,9.640183581970279,1.9443438827979944,0.3234573266704427
0.9456023923926793,8.271354661733097,1.9169175355669172,0.32117836572887504
0.9377100976734819,8.95170461303953,1.999080307651134,0.36339218856746586
1.1342229656678655,8.978895160454067,1.8802807069141865,0.35990616376983503
0.9877761083189094,9.37343082937642,1.8623213542761903,0.26330636264269247
1.088781624148721,8.378898685378102,1.7563248968204435,0.32646322658803206
2.0260530746196106,9.950401026086366,1.9148885193317666,0.16483259564398128
1.4213481894816822,8.533515805805939,1.6824579552128314,0.2024039262570028
1.156046716415464,8.756045819014874,1.690536846717532,0.2485948145501785
1.838093133858422,9.472822159242645,1.9977042442024127,0.1723451992044656
1.3257291842822971,10.812277907992202,1.881365862850617,0.17728011889573253
1.2841847673910602,8.185989961458617,1.6982568335882526,0.23805353237876062
0.9212786071166366,7.890417993546563,1.849423113944117,0.4234390170454425
1.166117595789774,8.525357417026996,1.8165650885855718,0.3518630160423669
1.4368183762322513,10.332777909478892,1.9266519321897726,0.21684797874509534
1.8870306633339582,9.049753583880948,1.8263058384383686,0.19183822703321438
1.4411568874039786,9.509432861844454,1.9150455340339454,0.1989384845741577
1.4815675183098633,10.622155740169344,1.9467038365969658,0.16746497053237558
1.091813657343312,7.95319391952948,1.8897458634992066,0.3189870252619059
1.341471055922188,11.579966180882499,1.969786727204278,0.15300240241522198
1.258998885341159,8.799750275278985,1.9413410754420954,0.28880128584619075
1.4576873316821295,9.255988012702314,1.803735522376147,0.183669013554237
1.5082539569635407,9.005854424379784,1.7436083107455778,0.17073801716697615
1.325411589647595,9.424824694984663,1.8580002464728143,0.19764614475417036
1.1315089971379855,9.38121764217283,1.8411362144555203,0.2978088006793463
1.6698329145835242,9.39003420289865,1.9845049225734896,0.17581084189867882
1.5046024857331513,9.80725851436857,1.767648477252343,0.21419115417376988
1.4057062346631652,8.461069964552737,1.8266399600995937,0.3023624687926771
1.3487663569552393,9.06148541132696,1.8741905486363524,0.24166690117339606
1.0101632868980408,9.36325264031206,1.9591430921077189,0.38425546658664145
1.486280581028907,8.916649210763778,1.755855005328413,0.17224586089921276
1.4751575243966593,9.06253463189856,1.8409561326171684,0.21055135343334974
1.419516648161021,8.585291455506551,1.6827007693839322,0.26548493551470137
1.346942104216698,8.641841091037238,1.970416112327797,0.28455407127994076
0.8992331768598176,7.989476493231439,1.8452148776732689,0.40509822050262784
0.8510485082862445,8.29560893137737,1.9569215139858926,0.32300496226413733
1.1365556245277615,9.853047172917222,1.909090013665541,0.19813679126599987
1.0595866156887968,9.375366789332755,1.871438835205932,0.2686029405602592
1.4392148509069598,8.721229410254182,1.6969636777941137,0.25360770536810834
1.722271959922519,9.312793070812036,1.6997755581359224,0.16033158530913594
1.138162728632169,8.908373547027317,1.9401502045688723,0.3586320176874115
1.3920981860467219,8.985315643123121,1.8031039632527488,0.20949738185353622
1.1735103756780205,9.507017696042357,1.8239894384662352,0.24716304000062822
0.9790114265321332,9.256923751503898,1.9431446774948657,0.3978628500188929
1.407549995830379,8.049083010796927,1.8671440631216507,0.306913451976977
1.3486029203100154,8.787475220050215,1.699077310564087,0.22842740370342549
1.066986056754579,9.319359339746585,1.8137394163763338,0.3205809357544075
1.5236508381325866,9.571843642907112,1.911701823069494,0.18873922524076953
0.9388869234495647,9.456743437901048,1.9818741308764611,0.2883615331803277
1.3597604797460607,9.452304155621428,1.7481458599613164,0.1777612389012857
1.156292269581206,8.630247456007554,1.7109719746740888,0.26487246518028273
1.3899520074527687,9.688804867686441,1.9314679311510214,0.1886126742917268
0.8560022716650116,8.927526041269843,1.9469902651544566,0.3791532923893051
1.581008093201916,8.70392290290708,1.9396589369434465,0.27663171283474425
1.2555172484673163,8.146451457462723,1.7502351336296254,0.23426955472837852
1.581771467059874,9.368745137150919,1.7879586171911253,0.22706295551341424
1.5905133173206614,8.488948247862954,1.8228630633666787,0.2262641517822369
1.6578037797614533,10.045658003316463,1.8215282990854489,0.13392044781479492
2.0104659730289614,9.743335685584043,1.9719399915946474,0.18202771582229824
1.1788724777921344,8.1736801460361,1.8848386684578604,0.2887683929392852
1.0349288653621225,8.616614119473603,1.9100860651335412,0.3005626523860209
1.64363698107466,10.10738456274143,1.9859552218269871,0.24772713448440575
1.0101407626393237,8.683404136707278,1.896771475422557,0.3759934676630857
1.3342480526832794,8.673950052988737,1.75025073982887,0.2780020849597548
0.9575103582257695,9.954862388694027,1.9900186687576227,0.3235034561401634
1.4744096932876092,9.144707181449762,1.9228550006283844,0.27767187009505534
1.0242022640006323,7.946287716417201,1.7653584282155603,0.29182127300005634
1.1011470460960249,9.627109351164574,1.8109217757517508,0.26489034591562444
1.6287787846521087,10.335969415938658,1.8373246099810017,0.1879554889529373
1.1503084755372086,9.527030733439382,1.8850865849877942,0.2969440182772505
1.1983031081815667,9.144010794325608,1.7842588392004917,0.2567932318089776
1.271431292285565,7.938240253439033,1.6609230172232392,0.28379029548995865
1.401923784502138,8.796468195357214,1.8438787078460404,0.2683326726707937
1.4443838489529117,9.590554137013669,1.9058646020733365,0.23171943422599345
1.3892994924756672,9.663840030005947,1.7937546408483898,0.1630661828131272
1.0950373038459824,9.611039191781131,1.9472925156451328,0.3011968738614446
1.7806294827896385,10.481168076973642,1.8416576635539719,0.1656936857954871
1.515269193004486,10.695379976094285,1.8729347610677398,0.18495487518988218
1.9253034265133229,10.51505722225427,1.900841352087646,0.1261655716188172
1.3647711593863423,8.635512726207876,1.72579217722952,0.2896162075902338
1.2909898419272965,8.449164716913177,1.6746342125451419,0.21306539886587908
1.0529618596082189,8.065733443001657,1.7586318841470672,0.32820669516265955
1.1746086560980413,8.068813362351971,1.826487376212161,0.29422377296791385
1.4577719404787233,8.485168098932716,1.8608766292767471,0.2534312088693915
1.2128562128814073,9.178542486530828,1.837300650486645,0.28734756324292415
0.8877977863925155,9.060272078802386,1.9636634609755332,0.3157589706999073
1.5532960863949434,8.49565353634471,1.748778859166875,0.21637069320928334
0.8021775163388877,8.334376336810527,1.9636883204373752,0.3653485947802783
1.1632247835950407,9.350136722999776,1.8711158275481923,0.25654217037307847
1.4633082781886761,8.924663410032615,1.9588887309355572,0.21575816729869807
1.9055970141058423,9.335537408384706,1.9745679542387777,0.16093034384688498
1.1507677057605274,9.740782044129533,1.878825132876254,0.285513673653613
1.364146932142979,8.191147996105093,1.6230096110199224,0.22552711842889223
1.7447604989333214,9.07469807605199,1.8299183319096077,0.21886471875921404
1.4874643158831065,10.349921874068302,1.8851558725623283,0.14324514437584193
1.2318602974590604,8.1604515281137,1.8308503391584408,0.30656858867444237
1.6622941598165093,9.667400391361813,1.9046959685664895,0.15816562754866453
1.09437183327227,8.483708449785555,1.858508123736211,0.3056154828823301
0.9275609429584258,7.780868399165449,1.9483133616413348,0.3756730471201122
1.165267377710151,7.979208161582549,1.8771917623038277,0.303604913450522
2.1623768087592454,9.953043585506341,1.997042971968605,0.16147937269272605
1.4476697669799325,8.21900464752268,1.7371377650197732,0.22078049359869453
1.2279095332805257,8.589682971582366,1.7528010670964191,0.23902511035600438
1.0528709101769507,8.808000707855467,1.7684594832826,0.2473388376580161
1.2957330333937647,9.23657006466063,1.877812113743691,0.21741734537396062
0.8793415667022357,8.566408837069869,1.9157508384132638,0.34148549743177736
1.5574976560066016,10.162779537146818,1.7541666075198101,0.18080932958310472
1.2151671648634355,10.27695049413963,1.8830631565685017,0.18199972995901534
1.076449552172107,8.54484584420584,1.833200413276951,0.32746159928776103
0.9737848410259224,8.000928581602654,1.8634726072495262,0.4050943573546721
1.2313581668473255,10.250680063131377,1.9632474957579527,0.17723776147211973
2.11588920580969,10.00274404524274,1.8918636540490759,0.13306825678991213
1.4632282664114211,8.553705305110897,1.834128745799966,0.21027364821157515
1.3049798577115492,8.397259884550547,1.6425265153682114,0.26329599185361985
1.8199227905931081,10.132430198296875,1.9714598934047387,0.13856862027197733
1.0501194577159594,8.556507432960105,1.8480662084561337,0.39121747305505594
0.9911620908191264,8.007152424281594,1.7954339006976043,0.39098897633100504
1.5504471583263868,9.932549808180033,1.9239435739057833,0.18593856585158647
1.23332270254659,9.164460863485914,1.8991516545330773,0.34663158603992894
1.3002346399437512,8.291960544903985,1.7778146635646013,0.25264571690983906
1.331643809411729,8.24341346277363,1.8818640109270095,0.27321550306934383
1.751914223594416,10.50317313160964,1.8616056126083955,0.13655437100324375
0.96902334937331,8.173331667837877,1.8489504450600847,0.3105426054272256
1.5558886851624423,9.621905107512331,1.904087570504451,0.26005595015774025
1.1446785617625246,9.551966304025672,1.792988171402547,0.24001239178017597
1.3113223158831109,9.905625246213573,1.9606941242836677,0.21430727016707712
1.2143740835424572,11.083496700034722,1.9013215355612536,0.18941657902771575
1.616718836100527,9.794350846018732,1.9420567431026714,0.2509785426550057
1.169485181540776,9.221230253538106,1.986115261925601,0.3850623685368189
1.3439140839784935,10.001461704072554,1.8278506115691706,0.21721698552991972
1.5774331668187243,8.353220848377479,1.773418962337651,0.21703042017197022
1.7543500255608246,9.372688859897924,1.912067910455342,0.20458227800107595
0.7970617020519847,8.097301438331707,1.9609734216223058,0.41406512841175236
1.4935759655846208,10.077904165007272,1.8477283395801076,0.2015458442809419
1.014949013023666,7.94454129842605,1.8780607998767203,0.422325746935376
1.7857069365200704,9.764287175306118,1.8551516584795837,0.1626284994889329
1.4113471786706775,10.191414005218459,1.9177627323158324,0.1869068855946256
1.0848366982668496,9.653880671375786,1.9163753016936929,0.28213603255477443
1.5232292359995827,9.740028925907563,1.7765419669618319,0.15584747864165116
1.016864026785828,8.764120833460613,1.9886638050748824,0.4152922453635486
1.3956111515015877,10.14170453626305,1.9516246065824379,0.22783093606293875
1.2617474826820314,8.961483925350967,1.98527954303122,0.2433255711591502
1.2538440017703951,8.031714681559865,1.7346318408739,0.26940759577357243
1.8597340250958065,9.721671264350725,1.8359464468246596,0.15343438213154795
1.201965256056779,9.065667946999444,1.8167667292126064,0.21550009418616362
0.7782109909196434,8.006489186881467,1.9979575352000103,0.49883469617093346
1.3113477566747933,9.012150905826779,1.960760369507094,0.3004952306303567
1.7075753083635925,8.58864859335604,1.8267968593292419,0.23735546704555532
0.8842529945459081,9.135931120381974,1.9422583811537775,0.3133263054246741
1.5115855116585226,8.82009124359406,1.9378413343434433,0.2926381984836106
1.0831028230899398,8.629270508543277,1.8820476542952873,0.27987715777565875
1.4001318701609522,8.675583748762822,1.6647146611179329,0.19858495335117596
1.0896390829464306,9.090767593547683,1.8862907011333203,0.289882674029239
0.9616248321606256,10.243205945823833,1.9607281162389967,0.310519842011598
1.3209309271330945,9.857088632946866,1.8331790795904361,0.18674730475951798
1.2385109057345527,7.882536087269334,1.6785480397375854,0.30807419695788696
1.4741995212833467,9.24612848578778,1.963471812948213,0.23857430749130423
1.1208972341699657,10.193401736558462,1.8231277002400483,0.22549007104170346
0.9192088331762067,8.701090472751732,1.8547969310404564,0.3413305996186328
0.9825008322634013,9.194981038042508,1.9468578240994947,0.4032840829295051
1.592673940056893,8.8109204968716,1.7027364975073351,0.19559639441038673
1.2750171375692596,8.641453765967007,1.6563489743780948,0.23716757513408712
1.5088494320786763,11.156979714047349,1.966753473114749,0.13765698283237976
0.8472484738881381,8.50320774124381,1.8899510486012712,0.35903725874202896
0.9903268733163567,8.327394388542018,1.7201048219873911,0.3063538199542319
0.9395603325512067,8.732456666786227,1.9182107350568918,0.2872469759292173
0.9380838752243473,8.616735928777791,1.8936461102173945,0.3477472500289294
1.5985619072178872,10.368793212013102,1.9998533121975246,0.21968709124429123
1.4154036650140058,9.845132045390933,1.915641279158132,0.1870671197839764
1.6681809277185617,10.266779604245595,1.8103961600295422,0.15857469910944996
1.6506568545464075,9.757094130172138,1.9612946884284603,0.24325263340958864
1.609338563158343,10.144630109758232,1.9762694956578306,0.17586181406580503
1.7347497328579065,10.358587927738307,1.8161212933999007,0.1735608229576658
1.6074821538390456,8.802587987074304,1.710534131723092,0.22640846061016448
1.2518974937571448,8.852818359481663,1.7504186402141404,0.29009529698266845
1.1636537000990936,8.131583121228184,1.968561951936505,0.307277659399837
1.1642984666803773,8.914730084796668,1.8561484552804466,0.3533380347193566
1.2067585464276245,8.914578597827218,1.929259990440862,0.3709430827087848
0.8893332585600594,8.059913698657438,1.8376996332259812,0.3643390334310511
1.615282820941971,10.359502840028298,1.8800100453765805,0.1436017540340886
1.2840223116543608,8.049792371034858,1.6449222067702676,0.25853187388531595
1.4193847747022645,8.874417475602783,1.9457214669598306,0.21290356707734645
1.0497103461036792,8.591828023563059,1.8603879829127872,0.2876812300675288
0.9140110780755915,8.101324083743354,1.8811589926152004,0.3920491867144661
0.9307585677334036,8.679946400468776,1.909540710045668,0.3125274411134341
1.2313991159370128,8.4339565326033,1.6298511004663723,0.25137281729946115
1.4183501499313182,9.746579413088318,1.9777062400348406,0.24312880628191819
1.7481619742000412,8.933927275658398,1.9276191213464473,0.2226415923578912
1.123823406489197,8.460329147429968,1.7396128573668814,0.34654787552256106
2.093038265536125,10.07913847355351,1.9103329391492136,0.14345537677198902
1.3543187885193504,8.479738999957625,1.7891832090260498,0.26497180272739373
0.9172984896422185,8.981723010411429,1.90862684459251,0.3288081208124384
0.8523868460479513,8.914680499884325,1.9413535734750114,0.3845157781665728
1.2895962275448891,8.181818534556342,1.7180115450206481,0.285736478714515
1.0130441218739468,7.74894602147195,1.7379207314956369,0.3258340761684783
1.5151407130656316,10.773721484698758,1.9901244781161957,0.18456178804632514
1.5286279580133035,10.057042749545788,1.9380256529847475,0.22385567433448808
1.2791068602942839,11.06871317394463,1.9074434104527118,0.20144305614180064
1.5448813931149565,10.240398353327661,1.8885809986703994,0.22944845721040094
1.2189425305788726,11.013718678769028,1.9564190436076425,0.2130723952662385
1.8715640362258754,9.259112040541527,1.9397519724178878,0.1841030996373738
1.352703881443459,9.126778264392735,1.9238827234523426,0.27196990311689323
1.2236784417360855,11.171203603771676,1.9604759021598706,0.19866103813670147
1.179090306207331,8.765427855629952,1.8145628237283689,0.29532018397007925
1.281376350729154,11.294447008003544,1.9283240211701687,0.2107136504868074
1.3395803338845234,10.569084714075702,1.956427221951063,0.19553137940801532
1.5552695019224225,9.018891449241245,1.9167880075646087,0.17981842888626387
1.6084626121364596,9.103408467236545,1.681968534828886,0.17121781738482544
0.9321365131138764,8.364576174766388,1.8967434840112312,0.4333540354746493
1.1506790108111526,11.10448946449981,1.9536795644374778,0.18712143288881974
0.9799758095181359,9.83779668528172,1.9845058474852753,0.3508530718579116
1.247135106187393,8.90981249957216,1.9477327882202244,0.33256132501366686
1.9112535164115796,10.541617220962026,1.9951999362891535,0.18726827964337484
1.1516891505916171,8.938971255059245,1.9476180983314022,0.3478962994111586
1.736630107836447,9.174530260943815,1.923031926445916,0.17557909347357958
1.2583674695967506,8.949375338645483,1.8589425870542762,0.2717248666186407
0.9362740418856061,8.406673860806073,1.910807576644866,0.37486419171687807
1.361624504108596,10.770426331766185,1.9104251521372162,0.19157166472455958
0.9665393085983853,9.299551137020522,1.951392965755092,0.32780174768047565
1.6886883940325148,9.233272953375836,1.8215986525640415,0.21576765995732436
1.353184213479199,9.36681542323527,1.7825235849724186,0.2015773965742087
1.1363643388649622,8.714240756888328,1.7744060494005407,0.26554456087170925
0.9376844407550777,8.48809565596283,1.8286092517037598,0.3051782312512644
1.185036257379006,9.501001649181896,1.7218527752743984,0.21133298804353556
1.2352605333867726,8.952840757460796,1.7696612542275936,0.1964673995026694
1.275759021885728,9.099527721072183,1.919597650892753,0.25733559006870005
1.1102569114819139,8.802961714764997,1.7299469839182902,0.292578849443101
1.3752829357373024,8.515667041989536,1.7990886907339665,0.24814473306816132
1.2502769150408322,8.383027934439914,1.6531555142270475,0.2404252271081712
1.3197478340511741,8.957357037579724,1.8790034118229484,0.30994759411667305
0.9945798651902937,8.445653052289718,1.9549015052127903,0.40442803069223254
1.5316495138038193,10.17106288086327,1.996924887098059,0.20340317778006828
1.175772559524458,9.045628485540915,1.782800515373857,0.21848282257957066
1.8727304625474508,10.376621480230872,1.8823576927570784,0.14341973387000628
1.4774477413010287,10.5555479610445,1.9137846581167814,0.15829471582297172
1.79728751974148,11.81645027548228,1.959662453370473,0.14048930992501987
1.050442833011245,10.399633073743491,1.9388485473758517,0.25004014894950216
0.927316631608836,8.201166368915793,1.9190490672252343,0.38046477678086665
1.5078035723948628,8.391142345951312,1.917824284457608,0.2780362882841357
1.0891853205249018,8.52052527700199,1.9126627617025993,0.34824450248163796
1.518277473550294,10.110297254418649,1.7498834974220618,0.14480627866051515
1.2832414546861874,8.522871212326383,1.8007006295033783,0.26509535661922323
1.4806515007614536,10.06423818970853,1.8502820858343918,0.17258092074009881
1.997767072455719,10.402318517319356,1.995299790339133,0.12527429566481046
1.0070855457787686,7.67200712483035,1.9373148501079218,0.378840242134989
1.456804881790836,10.406425088492144,1.9346513902262275,0.22569566013565953
1.220260967010751,9.26950043009012,1.9869745012089923,0.2657769132932483
1.1676121862501758,8.156342809773152,1.7679135445627867,0.3473294803959728
1.351937124883504,10.17448507843957,1.9861864226360497,0.2755607868843419
1.5045281969529194,10.171756549779664,1.8001583087956117,0.15577743078697734
1.093286529351535,9.193579918825222,1.8350703083928783,0.2625909544205155
1.2817576157693182,11.093501119254805,1.9897624739176871,0.23895939056260632
1.3484057367524138,11.133098593597667,1.9672679508593824,0.14993431079499006
0.8689270219968277,8.618232252375124,1.9137373734168102,0.4236237287466107
1.102809585245151,9.083146834464168,1.9804446599275638,0.4059741734761159
1.3568744170289322,9.06235480713012,1.693325901236494,0.21511337743386116
1.583691316899258,9.320539467962814,1.9652767501996518,0.2680072766400123
1.683146425371711,9.805894004962422,1.867826384803675,0.14119577532871905
1.0877413864072416,7.783947811083799,1.71426539469234,0.31977709454616515
1.4414711869294672,9.019798033078198,1.6966903273656442,0.19450706388968858
1.2783261790101041,8.87858198982559,1.869820471758692,0.1990038667538575
1.1863385407017855,10.885308180696333,1.9703507347851423,0.1910440563480791
1.5081498431816,11.393061484684052,1.9542313411262078,0.18455375729120263
1.3955379470585174,9.829829443729178,1.7319864250174482,0.19284068747263555
1.3758076444543406,8.882716438465696,1.728920634833693,0.24051140924010778
1.171628070296035,8.602843985755428,1.858220520247171,0.27874477113030177
1.1510386495505822,9.0092155489336,1.6723607063733925,0.24141937183506562
1.4084719968083808,8.376737507601009,1.7130296376383873,0.2519564231942522
1.3445460155053144,8.585423810911879,1.9564636080493991,0.2546873307882149
0.8958614793044162,8.984753256971759,1.9510208216442746,0.39810061810631403
0.8475520517006669,9.104521316333933,1.9585239768190028,0.2943607169204608
1.3144980489760267,9.836957940272667,1.8398953851234372,0.2506280818359942
1.7738616064369057,9.26675766879762,1.9210751886153978,0.16171855123659037
0.992620980505613,7.909592673056982,1.9362812588279994,0.3658060373121811
1.6042891001987731,10.159645625821451,1.9461311977858466,0.21184841389825343
1.2019756388240612,9.483235423597048,1.7578937307600178,0.2470462134871977
1.2021695222569295,9.286531551448567,1.9381378205836883,0.3135887079841575
1.6991292680197068,9.039309275259482,1.7813644186299558,0.1767500417322214
1.507206657695372,8.45979832228676,1.9052278383771803,0.23497839721393404
0.9517047486144035,8.032117828122235,1.8222156937919665,0.32440988829858286
1.6131646479993396,8.840457383061253,1.7356536573320498,0.21637215785610117
1.4056232966049387,9.80130467611625,1.6937162167201738,0.18664820495175088
1.5620420553142245,11.091012018156123,1.9188321968815105,0.12728501788813543
1.020182893280238,7.770792908161198,1.7722322898037386,0.381932828965395
1.2362091924165357,7.859290014826043,1.8232038058477458,0.3479151828356819
0.9860300151628026,8.29416277715343,1.88819387488628,0.3604935907310335
0.7948193024579171,8.118153762736803,1.9945588790316744,0.36587520705360965
1.0886913752980543,8.02722472954704,1.723684314724676,0.2749575310964442
1.217526056323504,8.72995781433456,1.9031136127808215,0.22217392636816874
1.0064009050281166,7.969289809282374,1.8109832042682694,0.3503219864806759
1.8153112131499676,9.083441804063561,1.965786856982908,0.18423476698360236
1.3205785612499776,11.232143539063047,1.916287491349877,0.16287923379942576
0.9815144722707756,7.932055521996826,1.8926663032101145,0.3623961679186195
1.0551390793504436,7.603522470726851,1.8560702774738636,0.4079135041513595
1.9813473869556097,9.302414549990363,1.8456365536585522,0.1680928604032995
1.5811232518118266,8.74061973964588,1.9364646015164837,0.19328373657491082
0.9138435259966753,9.324169410871477,1.933533183946578,0.3108110912061297
1.2679933379652277,8.916548196481443,1.897973355337292,0.3198716266966435
1.035519142887169,7.990176672100332,1.6906099550839024,0.32058534552817
1.5894283081793283,9.887117778373018,1.9157112199875608,0.2141687852040467
1.7799000375612437,10.45631425283021,1.9198369281932286,0.15258521855184068
1.177849785276642,9.632675680627264,1.8496403499211964,0.19396592503258753
1.0860441198571706,7.737436064909888,1.8646877075256991,0.3376746394981329
1.7934105056585232,9.779271078927943,1.755457247490683,0.1626405442942408
1.6881237647423601,10.538904684627225,1.7781050628355777,0.14132567523493128
1.2802722646152624,9.816785258509888,1.8665430299266592,0.2480471155308423
1.6056268532765943,10.216157250794032,1.952052730670794,0.1948120003869357
1.1120828856598381,9.041545300693306,1.7999296767475492,0.26818960574375106
1.4983913784248761,9.618486008136687,1.8410442696861316,0.2325731259531621
1.1511644969099728,8.181175846675593,1.9128182056583427,0.3948734692193583
1.2129600047468985,8.247877544516065,1.929658294733402,0.3383189240241157
1.23108914525419,10.07437864442581,1.8390560922397903,0.24159022593704851
0.9978344249601464,8.535390463684358,1.846957848465497,0.3488357163644344
1.1663904291633442,9.16073634382306,1.8021959417573385,0.21649493037101067
1.1613818939862701,9.3415996747873,1.8209897883968764,0.27364222156470663
1.4938401217794595,9.24722158173594,1.7460021935398582,0.2052250674515663
0.9097909154011612,9.211469476073786,1.904844915678132,0.3599454475922954
1.5590315877545244,8.265436494729956,1.8495466246617454,0.262410684424502
1.2396326073581214,8.692599541565565,1.8976280938109102,0.33988939065616247
1.1461531510635827,8.760694546782116,1.9136162874410483,0.35514722660247183
1.1100928687082332,8.131936997077858,1.752838428602375,0.34718271143395973
1.3033220091595414,8.4325357176905,1.7099754406183398,0.23421557572709634
0.9076264946264541,8.042316580018376,1.830322886410462,0.34391051283144414
1.3814780112350824,8.609284802068528,1.8808117469848176,0.249933316329998
1.0665348748971264,9.652527212202909,1.912053873338799,0.33097012610128573
1.9504751002474907,9.312903198117437,1.8986188574167446,0.16851290560808632
1.1800695013328095,8.846053770675132,1.78535435200315,0.3389365318844165
1.0642569908285286,9.407650012659001,1.9447662947175062,0.286615725694066
1.3729485012133853,8.95147646643304,1.9956637215185398,0.33912967761440005
1.7752989447613319,10.013169509101608,1.771725380517411,0.15093901151324338
1.8655641329067438,8.963850540383833,1.9387144701886134,0.22168039933750766
1.4641910072658448,11.149346226417109,1.9478408684600872,0.2032927966489902
1.1658737948809825,8.48071370081873,1.901116359749834,0.3108016831696517
1.456774363221507,9.599754896880777,1.9882182040305667,0.21459783608824953
1.3642252313439467,9.193462697534649,1.9777123719587135,0.25526570813553306
1.4317145100027726,8.311487941048014,1.696304533394883,0.2516182840658933
1.0372807500655876,8.554614353595113,1.9420253069804383,0.3328620644194981
1.1349179764248596,8.044605272861592,1.8314376835211215,0.3112728709913346
1.0642922501687928,7.600934287536471,1.8237932277628774,0.3938928414085377
1.07024520793369,9.405453466639278,1.8276680433899557,0.28599602574581173
1.4177703012082277,9.095414990120581,1.7263410999181552,0.24997596237915715
1.7238376232989874,9.672360950817357,1.9697531338276129,0.21631672982274577
1.3106994017190172,10.5877215544309,1.947679233387522,0.26763739483307947
1.4026026536359224,10.129450048797285,1.8287391293793989,0.20123454123330528
1.464182978204406,9.63924748353531,1.8101794715405526,0.1978183930905888
1.163071857787399,11.132360010576393,1.9503199759756435,0.20903053668339908
1.4185284669202725,11.296537502782455,1.96598363315361,0.2173269467057906
1.3451525704775296,11.38052330518265,1.9320956778939902,0.18437369535213533
1.0844692003877265,10.538541457487357,1.985562924622554,0.20210730563683016
1.2471609991911308,10.076803436057912,1.8241715819131128,0.2315734662221368
1.5296959303750288,9.506111789182777,1.9659492589484653,0.24907208648857548
1.22297994409019,10.1320273705101,1.9620664672889707,0.2670568082952538
1.47998234731132,10.464706423063838,1.833781179686511,0.21268704728601495
1.7862824647258713,9.577512349026192,1.9716893654731258,0.16366222284667742
1.709774355441193,8.895006899204748,1.9189767904450499,0.18946242848011086
0.8484154665463153,8.410556105679309,1.925206089569024,0.4280306442410102
1.12938430358063,10.001345294139663,1.9142188688739252,0.24405773515466214
1.516298532061612,8.340894862642845,1.830902484514613,0.26292997784731925
1.1640822972782698,9.26623183090987,1.7529641070369315,0.2780641936901677
1.7201159080369146,9.26369385522317,1.716196734522457,0.1646923301432646
1.518004231009051,8.950222899547317,1.9281004118922238,0.2489839211883501
1.2252071146212724,8.487860875308183,1.7761125662758175,0.21851412864165792
1.7241865889488663,10.316628951558505,1.9180866957863218,0.17864389807479797
1.662613353605489,10.011488124764272,1.9602982937708782,0.16469632950171936
1.4668816065727153,11.495575629134546,1.9637523212277606,0.17939449720809736
1.3745106851623612,9.26460752998867,1.721916647651469,0.23347712637127466
1.048274043699934,8.062074584570771,1.7056419067758588,0.2999601046258447
1.1588533418445566,9.394875915522807,1.7976115947562745,0.293402905709512
1.1868557866119729,8.637344121573843,1.8343353199890624,0.24791529545460436
1.6131983565107535,9.253293918429197,1.6988584479810516,0.18552411756881132
1.2633923625443757,9.970532246772963,1.9772577455046878,0.21359601111041582
1.4534772348982932,9.584303532897112,1.8996293621795837,0.2214124654392206
1.4079041834720165,9.220232815931961,1.8148149176996111,0.26149935119046336
1.3444285737835184,9.179220436974942,1.8617922584886737,0.31411440516803046
1.108006876029954,9.441379832119265,1.9089723982184064,0.25681476940639114
1.6100446043608632,9.704776881817995,1.929391848846218,0.1855681022855048
1.1454733023283836,9.693588557905889,1.962026341392902,0.2189570906947375
1.5478008442112112,10.447538920495933,1.9486781518205707,0.16324795873985623
1.2727297734312821,9.638969754752935,1.8421503297793984,0.24703718268679717
1.1839207223019692,8.90966550434367,1.8340266945021195,0.2994477502981631
1.663250176702211,9.686614518945033,1.8268371959172356,0.21221611648379318
1.5489407368568482,8.79898111967501,1.9913275044750895,0.2524948028163394
1.2803506666467168,7.890379528188347,1.9153188577248492,0.3549291929803672
1.168806568913965,10.080146870341997,1.8928761329107378,0.2503407665653234
1.7056438526574047,8.97855333604887,1.948159231188775,0.2615284919472198
1.6255025224734534,9.369189673287956,1.6851656710504774,0.15716463093277905
1.1823074835779186,9.449275026855657,1.7028420281480212,0.2157024141566894
1.6252999985108743,9.659981189624135,1.829031884914492,0.19736895956795847
1.5645185635599301,11.172435527762648,1.9228167284142277,0.1520743250889263
1.5314785753344975,9.544847831238014,1.9318909885021196,0.2414362410384966
1.6846490362295967,10.929803664622263,1.9772932723579912,0.12305219411804787
1.0330870632790201,9.524176989587234,1.9901530700716161,0.3766941011895737
1.3831626191938953,8.550206227986518,1.7989793524267998,0.23295773542922207
0.971238462311323,8.408794053237331,1.9122525141156836,0.41326184952007156
1.3490229744337372,8.910043885625772,1.8696137371995722,0.3276226871164563
0.9074969215303467,8.135676351681402,1.879538003925182,0.4067664307640118
1.1639458771078437,7.805467108735315,1.9527792284552692,0.36463778263342916
1.6216729199492539,8.902035952260917,1.8544631631071962,0.18450736605628631
1.2650842236544462,8.12203288080199,1.751554848741203,0.3149723716522208
1.235779060465835,8.27226959164106,1.842776892199263,0.29481715709447487
1.310207893391677,8.663875089981644,1.9630638596766115,0.32040831334951897
1.333417584012159,9.849182676241437,1.9964132676935349,0.24878566366162877
1.402080994851219,10.889681352685377,1.8433302579184314,0.18050570703062185
1.1729645704170029,8.783120753451817,1.9684169091019936,0.4133285331047508
0.9624659788337295,8.388010659019756,1.969830963863052,0.3487514411327138
0.7938909017475576,8.8812606737575,1.930524539551536,0.3771783847377374
1.2888150738915747,9.887292649795475,1.9337469738812487,0.24006514428382864
1.3948247107397516,9.3766557056654,1.736181952649285,0.19329761440964283
1.4264130848903491,9.023223849149522,1.9171324585363327,0.32225746908593045
1.4400349135569037,10.472839585564635,1.9047700819321518,0.18007327905960893
1.0563608873846824,8.583504432490182,1.8729677264427025,0.2632041284778839
1.1379389825179729,8.823372914372126,1.7365243696253443,0.24313492152551203
1.3947145816778312,10.276462003427065,1.8958669695965962,0.16017367845477903
1.710828435553172,10.786946440897102,1.939026798203165,0.17507761741076033
1.36236928747124,10.283214354577094,1.9286153769773853,0.17491496860235534
1.1733549878548581,9.008993876239302,1.8663806182091427,0.25016268064491487
1.298168310021269,8.565264376937497,1.9696332045993348,0.26800608134632964
1.4260832136839043,10.345573130899044,1.8876833853502544,0.20448378723267996
0.8256967158383882,9.444070552457063,1.9785220185976309,0.3197377278629408
1.785488013685238,9.727096017623845,1.9424544926271796,0.1371275722875288
1.448071602518749,8.402013239166298,1.6559085652883894,0.2469373025944898
1.359115275117484,8.448703217157643,1.822974392155616,0.3129599200213112
1.1169211285630827,7.70770573341858,1.9167719846946427,0.38179566903498013
1.233517042915087,10.698369691428478,1.9798264477983423,0.19820565438687152
1.6185828410973326,8.73423422058756,1.775661540670528,0.19901096619263275
1.0925314762227973,8.524535984747294,1.8301510997059618,0.31813571335029167
1.2794454909126052,8.216917015730548,1.8466394520195633,0.27456700521919253
1.8248085404730174,9.957647961084122,1.8063634047010038,0.13539698377602497
0.9057222231171096,8.114416324609977,1.9159712724618911,0.4393540231756247
1.4598617127072813,11.15672427606046,1.8871264160663235,0.17172280479372648
1.1819798022227095,8.564344337257124,1.8546339665548561,0.3017571704016813
1.0862573590534916,7.919038558897973,1.9989537279919714,0.36603605555867985
1.1071440811844058,9.624317929881304,1.9871194111688728,0.29037709448251614
0.969911076347439,8.508076372245458,1.9479708197939265,0.45707756857735116
1.4171964725276167,8.427826237656014,1.8585847398737823,0.2951271785066867
1.2556757935878304,10.51095896789581,1.884767269187226,0.21122266643630316
1.440344222218001,10.674429084655765,1.9563635339573273,0.20161601042990335
1.107190529066895,8.904786046576222,1.7962467362953491,0.26480291892855673
1.1902232093951284,8.204373897275962,1.7657456507591924,0.3244708069048633
1.710783768726662,9.43138212694049,1.756125046491311,0.18961223205805505
1.339717797364715,9.286434194990496,1.8805847998511491,0.17616791247068825
1.2169824135928557,10.915151015007138,1.9549571069504197,0.2449739476220822
1.1151899763763917,8.464050042312838,1.6442989458426933,0.2572287075203441
1.034867515523712,8.02408320227645,1.7244674349029199,0.3232716449955566
1.6641946617440746,9.110042185373702,1.7404365032947493,0.1790010669136522
0.9033759496738648,8.715003252683,1.9109727631295657,0.3712554747678995
1.9723040459972838,10.31717766736808,1.9242554016674018,0.1401447267446619
1.2817550640882525,8.052872699036683,1.9335590947562302,0.37199729449745944
2.231144384301241,10.028910311950964,1.9693659163120516,0.13331814824889315
1.3366421552847298,8.676709454036455,1.6846990605862877,0.2342161561678428
1.693278711176757,9.30866454753607,1.9887107437605636,0.18209814624076537
1.4127681711745756,9.544808771413088,1.855838109397799,0.1757063249489348
0.9846525554871215,8.928367555182733,1.8574397915508623,0.2787372311272958
1.1642272592228398,8.979340594151267,1.8091437521066003,0.28977119606668167
1.3161695977634007,8.683863052003089,1.8532588722011083,0.25554907343238925
1.4862587939553862,9.663718676329713,1.7962828927113816,0.1838920228298004
1.3958958987143857,8.434349424089117,1.9458448400325206,0.31438259043620365
0.8017220750111806,7.854942351301752,1.9379757152153954,0.3847588894715124
0.961459600812065,8.604254565874612,1.9475573803925517,0.42491159977291776
0.9844265565869708,9.036050894845168,1.9468869996767326,0.38259197536362305
0.9822936255124789,7.643193581677812,1.9414967419370117,0.4015789737623173
1.6164255632188114,10.399549715810718,1.9185576252889072,0.13082729554088035
1.3803082694461144,9.471765811788048,1.8862955555568726,0.27997977692189785
1.7528865059139347,8.764996634182891,1.9328762978092668,0.19631705180962614
1.694177214365079,11.280217701854031,1.9464555220490707,0.1585024715732793
1.2220921305658157,9.67604002987414,1.8887773417082054,0.26701970651790563
1.184410548022994,7.923429464963966,1.85001341129333,0.3897110024634582
1.6923064357353799,8.89808440148278,1.8456419699772915,0.17312535085606737
1.5752334828458332,9.493059517137961,1.99999318533662,0.1980744856387099
1.474513495143362,10.818246360741734,1.9890716404703332,0.15310525403243574
1.2980508689973338,10.934444571383965,1.8983502865022215,0.22472523542243017
1.2083563905814327,8.770809772669917,1.835842943935374,0.35918513625037407
1.2800193206507022,8.553390790206517,1.6908912656661983,0.22669594755273156
1.186077161490064,8.547114611060799,1.9197126059487475,0.2568430418769323
1.5064139021356473,8.867742609728687,1.9150364437080476,0.25836730365183497
1.1182935095338706,10.023770019363567,1.8640182073289158,0.23239022588093436
1.0976253822654076,7.830868798549501,1.924616861940399,0.38176994329329167
1.1847516724892413,10.093806928160348,1.9077997994537859,0.21134739508179232
1.154282195691894,8.258781623567373,1.7445561445850206,0.2453979539314524
1.0038875736515327,9.19950917547144,1.7966558000863415,0.3034307900947541
1.0223150067872924,8.201077644309573,1.9359484416573731,0.46448229742051916
1.4246580882856381,9.445831402286919,1.7369523385777468,0.1863083057530222
1.149164678041302,8.632549996542549,1.8488102195502298,0.3299615282330766
0.9841830343199337,9.152354065458182,1.9625032603912895,0.29274615620161726
0.8288176625559076,8.68384798327176,1.8875780433270435,0.37517686148815255
1.8806150111782123,9.936183067849392,1.9768829680962776,0.1499975515188267
1.2783288333410991,8.86588329553856,1.9937030674912342,0.3583873436083762
1.236740787749373,8.947539633443178,1.7803982400045057,0.21228925168714163
1.2174126661580407,8.866061795124347,1.8056301077073074,0.21394665894098785
0.8512593134314876,9.090101179017726,1.9571358196545066,0.3206066860290251
1.3255809448095695,9.170517135895649,1.9312625965564396,0.2567797633779133
1.9332871819765192,10.241253227164341,1.882377643198335,0.12606408955450005
1.0751943674000743,8.238059052465612,1.922596567198466,0.3979789331813906
1.2640187750361795,8.217589230890978,1.8151837903301073,0.3088205330540064
1.271410664384887,8.954919710718356,1.7586270017034027,0.2996011709186249
0.988749665178119,10.27185189859764,1.934602665003152,0.27256972827471615
1.0856222341487738,8.400314199903526,1.9049016511652708,0.2642400771009036
1.3292198644950042,9.67657335667912,1.740689244863747,0.1725129621621146
1.5215518077136527,9.430466263275681,1.8114442902904828,0.23299644211475168
1.4733356822189907,8.961993157142029,1.7416385424148026,0.16982252405029463
1.5323201213068525,9.809814177175266,1.93742662528956,0.1647483603696053
1.6642521643978763,8.822805077432513,1.767913314680513,0.19050645722453408
1.1358357134718253,8.048266366643732,1.7670444076053518,0.3757527387425366
0.922870003320952,7.774849397852293,1.880338303723417,0.4409607711601883
0.8285267785992297,8.293667082774096,1.9566292349534988,0.4617538837567979
1.4411341370818695,8.313499543698653,1.7797096012027378,0.2891153200963087
1.2661932107125333,9.26893127943508,1.7797150992847226,0.22050686406184125
0.957176402883374,9.218106848775632,1.9742582692010142,0.35652555203660635
1.1549976189533326,8.18892775520832,1.932068555349342,0.3304799429037142
1.0503175993978942,8.121885517918635,1.906128574841544,0.43324086749115376
1.4615125362663552,9.937640770841561,1.8660783710077347,0.2375564419036506
0.9909433819531216,9.593620277481216,1.889019506298752,0.28791946123230994
1.3506959688856095,10.027154256786053,1.9757588900598289,0.2582791968779267
1.1456167555023182,8.629336910533354,1.914036392811199,0.39523525193401754
0.866240366325254,8.978660283653804,1.9507931220199326,0.39725511523104795
1.6202828411158496,8.670602979602089,1.95016810783986,0.22502279396991404
0.9724209175322774,8.429133927075076,1.823278681456411,0.30304661515103476
1.4181905487316822,9.476563330484524,1.7717478218508185,0.2272752134952982
1.4612737910122615,9.522684109472722,1.8202884077027457,0.21895903108131207
1.4637562378918245,9.44209609842638,1.8456299128592666,0.17107658885087695
1.1625777937972324,8.97512742764998,1.8755750186490074,0.3758118831661012
1.1654300378305296,9.158702575134274,1.8670725259334557,0.2676888736903478
1.1138956756047231,8.480273163457472,1.8746140730171612,0.2731599620136713
1.136155946584196,8.877546153481598,1.8138318821872008,0.23765774149412075
1.17126771626959,8.332306199170146,1.8730550797123415,0.3757611283911231
1.1348824835119615,8.888870284742328,1.8418312629678524,0.23583750109033955
1.3814407065075844,8.336605388649463,1.913642631849532,0.2872729167717001
1.2799841436400108,8.694456474368108,1.9565254695124532,0.32986084073921773
1.1878396416685488,8.897522882451101,1.844180482551399,0.3376286316988524
1.722375274144936,9.477858975070442,1.9721681944848688,0.24784176127985116
1.0097400546840112,8.956658891074563,1.8196273233490263,0.2731273156409927
1.1535721214205998,9.973631517809183,1.9554290110515085,0.2888915946344008
1.2153455035146628,8.762873239483195,1.9367696660756897,0.37799343284873094
1.7231821485024383,10.94151248689502,1.9059820087530082,0.14922443928152734
2.0345565620899486,11.338151321254625,1.9936229838970436,0.10797417295161199
1.4629742415712634,9.619466873016004,1.8547750090972936,0.19541958767483184
1.4320689526428585,9.851305778841287,1.8238893255340363,0.21995803682230497
1.5650399198406233,9.270784132863533,1.9923009432901566,0.23244145585811782
1.101667379240419,9.560447673403115,1.9813743063444549,0.2265687640754392
1.6017231394314868,9.638673305340962,1.8109439555882563,0.21482633173603688
1.126883656388015,7.9903772699543145,1.6447792956274971,0.29211670717102856
1.5011544342873802,9.788345243993085,1.8140496830184891,0.1587631759433229
1.2456979069645102,9.30240068073076,1.9653567669448828,0.21725468191476133
1.910073821162777,10.17754362494952,1.95108787927571,0.16264403750645257
1.261764679310511,9.925808713211628,1.7331264066457914,0.20519323821837296
1.8301853638303989,9.353660154878751,1.8028390949734714,0.1600845236418553
1.5782939032610686,9.232846730065459,1.7523216221944562,0.1850462565373383
1.2560414383599885,8.011486658646541,1.7214770444222318,0.28477820667390835
1.781193107772682,9.1882649837232,1.8526344365124017,0.16711522185638916
1.4184180235248431,9.36326119059136,1.8837810917477587,0.21275806304795852
1.2018899070450548,9.3205234671971,1.8318012112314932,0.20843984483958083
1.5030699621152743,9.37173534864658,1.9463689147605985,0.19382880630906776
1.46736953291044,8.432069139531261,1.738006217553269,0.2113804069786531
0.8583556343545947,8.427540961715678,1.9277986916143612,0.32228490766977425
0.9423395941671834,8.57738422785659,1.950502916786316,0.4248242847744633
1.030369957599933,9.440664739310515,1.857786143097624,0.3078362710243086
1.065310956221312,8.964303548212357,1.8152134535403532,0.2511163137411972
1.082629229295157,9.074821073544788,1.7344110876451215,0.2823618106874819
1.0643635171598267,8.188448321136343,1.910517305068586,0.4090103313572926
1.1141223369742814,9.79417971104116,1.9025015792079056,0.2964712921402856
1.449706942582675,10.47283705694745,1.7943872811119428,0.1704102504657523
1.6115431546492174,8.644027261930514,1.9547680294376046,0.2253599861550534
1.376458964745343,10.445051998828623,1.977509285479803,0.249945410481855
0.8987431738127194,9.622236448839562,1.913035802737988,0.3306681429311916
1.5503775841507157,9.140546493343928,1.9449423646806363,0.17838482651658175
2.1047098068446766,9.381397978747499,1.981581351318788,0.17223552317718493
1.1990623904567486,8.69759775436499,1.8130408755721854,0.3222925362026098
1.5705689520891015,9.729741774325918,1.9956116944618574,0.2714859484201507
1.019977528208478,8.641461418776089,1.8663343608109448,0.3215407393908851
1.2217910530647929,11.461012476415753,1.9857204899106737,0.1854558400893392
1.2989865178057274,9.04521837441747,1.963272015644367,0.29941077248406955
1.1047987008932603,8.638175779075425,1.972334574179496,0.4164628657065786
1.391381594509991,8.375276372333834,1.73663701612694,0.2703800914357416
1.1280680057363166,9.635992416271563,1.984548107637158,0.2735502691314376
1.8490276409727298,9.913617070910405,1.8868906537845744,0.14461626732944674
1.800081280732556,9.649464318212207,1.8695614653079058,0.1656342860280374
1.2014007556521025,8.028250633807176,1.7028708587710366,0.31055807118556694
1.063690691030926,9.363567640968972,1.7871333366656976,0.27012267119153954
2.0849618102871816,10.548839652339353,1.94525197778879,0.13762604270861645
1.5478857466769658,8.33788404190593,1.885157335039808,0.23431673574679235
1.1084804750442012,8.865415825146087,1.8809176849609903,0.25511954762862393
0.9603466279376234,7.9974859050918505,1.9115004223410226,0.4653232506022506
0.9167930233609625,9.544970131652134,1.8911646333154524,0.293390840270083
1.0727705229811824,9.0423462393471,1.84952798470025,0.31841604390455824
1.4142310155921216,9.11419769157639,1.8217979686371668,0.2449210786091034
1.1386061099612999,10.109001041829579,1.9331351305771385,0.24198673921794442
1.2186280164503267,7.754438884172152,1.8766450641642065,0.34861348867446723
0.8586455114011332,8.12616817706283,1.9664885768105995,0.35250279901016557
1.2309046829331616,8.418620501181659,1.7204116527578335,0.2711748093176778
1.5890458182899865,8.416521602320774,1.7180113592099455,0.19996407701720723
0.9381358424738684,7.778713771871801,1.8483275428642356,0.3746409035453221
1.0647761333322823,10.049608574884674,1.8826705920525322,0.27059193610017895
1.6059078250604772,9.018311349603767,1.6515020584475648,0.18827921195914699
1.3086496107520333,8.515214449165262,1.6989477075044934,0.248095429567772
1.0012197142902388,8.281310621933855,1.9207734452966128,0.4129245559578004
1.2803702767894374,8.05702038451183,1.6489766837002309,0.2426188292005537
1.2877897851851177,8.58618692175236,1.891019111297664,0.2906424668947366
1.5406397367841915,8.937898445709397,1.9556544519101393,0.31415931323655133
1.0917369037452465,8.73344360344856,1.8444093337979603,0.3207857970489285
1.2428752168466604,9.503344648854895,1.6966926369239803,0.20175940944808285
1.051621238947813,8.38535743532423,1.8106787211529507,0.36038541382976547
1.1407831120937173,10.096470848086412,1.8873304625399587,0.211506520877142
1.100507292326813,8.153479485922187,1.881741539083325,0.4276471193388902
1.9828882004941089,9.74323969977976,1.9001299179166602,0.1491847744909091
0.9210733749900547,8.074183496292612,1.9964349682890514,0.4091961218302139
1.6897447298546002,9.534514951230841,1.961436620524543,0.15252821809631784
0.929976545566435,9.248504334691013,1.9289729909101203,0.35005802491990834
1.40544954549055,8.885513028284684,1.942893979538781,0.3114911570833658
1.4617846186367127,9.559757156454516,1.7974142367145685,0.20542495020386486
0.928015221621298,8.29143926987299,1.9064680831302372,0.35536748644988936
1.0609740081122414,9.097354011015998,1.9628678244256585,0.3105899260876088
0.9421785594497623,8.653905920915879,1.9550228928315427,0.3530731071416835
1.8251065642256523,10.185382194431087,1.9636974085586851,0.144341392508997
1.252122079244359,10.302088642214821,1.875478243196038,0.22755839849666087
1.2971309392072108,9.851731605615125,1.864475370538379,0.2784835746754936
1.829052635914724,11.122544453023446,1.9618837740110397,0.14343043730098873
1.0194984154073725,8.795535493584723,1.9169538017512129,0.40223214913951216
1.6749256677472975,11.320625949506868,1.9660231341934902,0.13609972471520002
1.167519737582367,8.430421787071971,1.665202263891351,0.23166911647052388
1.0853192111569865,8.54360832447879,1.8382467294588545,0.3534978740882126
1.1388969081874107,9.585807547112958,1.804891405039669,0.2674056709442371
1.3552504716690352,9.43324941221072,1.9710888445598505,0.3258470333719728
1.0423147148213545,10.47477199671909,1.898341130655657,0.25462664537114177
1.3197334224678383,9.558259405701842,1.7362903841666009,0.208004605325413
1.1639024780081413,9.482410986651946,1.8212010355349935,0.2923308770371477
1.4419032281908848,8.80986126398679,1.9421252267737497,0.30216601410153754
0.8164125615111347,7.990733834582263,1.961044865166664,0.3742551403376674
0.9131734837155067,8.799597383382615,1.8501991140327787,0.34467032995521973
1.4413848795506015,9.271978624017141,1.9975722325133707,0.32710157648561605
0.8442704306300287,8.34464496188528,1.9642774150744766,0.4715337628779705
1.2425798037611648,9.327329594015954,1.896373947613041,0.31604780522099973
1.311420538248245,7.997411844495646,1.7947318907620438,0.27642880512248524
1.3667478406028963,9.969286053918944,1.9680583498267947,0.22870653414444558
1.3428853660841336,8.500716638660911,1.7656344298381426,0.2572727722199518
1.7428356863883245,9.101824195956686,1.9717523949345361,0.17165846751019492
1.3779803475059367,8.471167912080787,1.8980025066245036,0.21947806957711083
0.7799253033361051,9.27214596229139,1.9966551742502827,0.34834172376302164
1.5397891798908325,9.008924693632462,1.792032732146236,0.2181702816758361
0.8973803752877022,8.997505488998966,1.9201502024937334,0.3886238907830983
1.2456502946568833,9.583729240420665,1.8431572216831522,0.2833010439520818
1.5463397663679623,9.144899671532993,1.8003351471569062,0.20993182922688405
1.8814613806759386,9.848648549393442,1.918434503495696,0.12899885617344284
1.5045892765511002,9.63904249594237,1.9988556402968352,0.17286631733346713
0.9494459408230562,7.6623456622396215,1.9676884882154142,0.45411902724211073
0.9081344152193613,9.003837144728768,1.842963233186707,0.3513907987437699
1.4816559895589942,10.56454604473089,1.975657856616051,0.15630981119094361
1.4583136429432164,8.424438949541255,1.7616267136413848,0.283611100450549
1.20911422760393,9.404058459823176,1.8108532633144094,0.2977665623388396
0.8728060375368757,8.425556985174273,1.990738521878799,0.3918748637204622
0.9769991915034351,8.886927990690642,1.8225161454086922,0.25706018589659385
1.1078774579509199,9.488065967061518,1.9313227775147799,0.3553731273205848
0.9437942250633581,8.285607131157803,1.7529579703111797,0.35109010378413896
1.4809314028393445,10.336629512273051,1.8880867013992078,0.1628316904795314
2.015050104002787,9.234248568179185,1.9844315010024094,0.1715708908666527
0.92842581125134,8.641421087322371,1.9116974926410912,0.3474889274242698
1.3746518801756564,8.974988600408214,1.817602658970843,0.26630857633906757
1.222600247516192,11.186925552551367,1.9300996250351032,0.17373350183637343
0.938667435864598,8.280371118044467,1.8000202983701774,0.29185669987999324
1.397383847565611,8.510186289186628,1.9417927380236486,0.32262720651821963
1.3476881969119965,8.466065276587324,1.7492727883181571,0.27778306852174495
0.9265474248706876,10.083123038140462,1.9612069281678444,0.3117400078227952
1.7024779400235694,9.262955629175952,1.9119408979448616,0.2458296902732397
1.610546003057543,9.633472867550164,1.998574121758336,0.24251910027640727
1.2264190196344154,9.296534767398311,1.7483092933438784,0.2653189760712898
1.2677214084853574,10.634255228274156,1.886591815631707,0.16757224635184056
1.1673649148773828,8.488490661522016,1.929766616288326,0.37692773669841934
1.8025251184093039,9.604030068423,1.7935178610068292,0.15498357224085466
1.6651895526365015,9.431199305222368,1.7358283703051716,0.19409094011865774
1.171728839446128,8.531535712025581,1.85116019640388,0.25590501824253353
1.5257285215187786,10.504506622191606,1.9100384933254508,0.15275247524836627
0.8681706057404469,8.651082928434898,1.9233807545298207,0.34834536074495526
1.0220078595074866,8.650887663885074,1.9784303805761287,0.3415432439621443
1.1973294524559936,8.297755558975123,1.9732086347021833,0.3610039040056691
1.3631921510024776,9.151273649464278,1.9044115296109745,0.18928915469556326
1.096723244878213,9.685466553537005,1.9715971127922138,0.3474892934232967
1.1500730609115992,8.282444170843977,1.7983835281649003,0.33215228840292726
1.230770558792984,8.938556633849753,1.9598518713113067,0.33460134137215625
1.4620989179166963,10.714635621322943,1.9422387979301776,0.14540659755417587
1.8975784869371033,9.969981849996739,1.8351550190775425,0.12142322576884551
0.9873512208587427,9.284143997624573,1.8835681591159166,0.34603994492423495
1.2519009090741187,8.695013326909425,1.7096551033531084,0.24680522873205674
1.158294263174612,9.055113935474393,1.717155987142364,0.2783722605836016
1.7010441983561426,8.628848185719235,1.921615556460641,0.21944774135171838
1.3755221881445505,10.522703739370916,1.9851313756500162,0.20374506122647829
0.9665628834620414,8.78918830970489,1.7906709296422398,0.32154634152024447
0.9111627324103586,8.705440834050686,1.8839572041487385,0.29874672103997924
1.49781815245078,9.502009939417478,1.99377550196048,0.18288244011426985
1.9341392385211689,10.314485489988407,1.8755160491345786,0.14579257932074502
1.2058932555544832,11.019657189250193,1.965706090073827,0.19630151031566673
0.9842522443755027,10.342517799232658,1.9096189910756318,0.2541736432157883
0.9980578215325592,8.410833183808446,1.8568998612896321,0.3284911368555323
1.0935726881829564,8.253181945176175,1.7383175800278765,0.355360347590744
0.9413052160373062,8.589269783350948,1.9355781930758649,0.43708634714884176
1.6819844683994511,10.176594032365012,1.9591488051082095,0.18578674684187424
0.9214397802376174,8.579784933120397,1.8946822223997541,0.37363534300985046
1.0007740419612212,9.801800906987374,1.957949961497198,0.2825091833980382
1.2014756156351407,10.69254897772392,1.9435450675858306,0.2149597249208879
0.831335582685659,8.441281717379443,1.9336532654229066,0.37189378119687055
1.3026147348910273,9.353484968691461,1.8575898569068987,0.21725333010766673
1.1108412076805827,8.868367389559815,1.837987573258444,0.3326486957644307
1.1899677859122901,9.472517815990692,1.8038361642168574,0.20707426685163494
0.9299258460831361,8.481348277004217,1.9850679937594142,0.4521667974600706
1.3763029910126046,8.624013519678826,1.611054037929572,0.21912168597175405
1.8669449014814803,10.685485837243501,1.9265272420874753,0.10760256998535148
0.9738538719629106,7.992866017356,1.718157381897491,0.3342775479363514
1.3449741231716286,10.457962561012002,1.872557361796747,0.22502126911186984
1.7000840035104463,10.760904634587208,1.8392193809655226,0.12239250858112
1.272498301486025,10.6630952707489,1.947430629636725,0.2278258612732053
1.5898341279185018,11.178720404529567,1.8730358755143615,0.15733776980655373
0.9869657186746308,8.15258815314173,1.7760621883814895,0.308125399264254
1.448060473910238,11.602319349050571,1.9443062302120773,0.17001057706706033
1.5546902176774708,9.248600236434012,1.8121805660403658,0.1648816846043851
0.967468291073796,7.971921558660107,1.9511604635726765,0.3999696852389765
1.312789126946859,9.714210381686541,1.9556489138376536,0.23724388125992701
0.9387075190672558,8.54489487546152,1.9779521055338136,0.4161453116188779
1.887963267952732,9.261241657912375,1.9278584907331562,0.15404606881353433
1.5215065145846287,8.555136648653672,1.9109471987430229,0.20837932440437873
1.1220470706756658,8.756279152062849,1.9104308962349312,0.2855848126030526
1.393273534555986,8.222383493140663,1.7637809392054038,0.25543035870495173
0.9882201322903003,9.15499712686225,1.9901424610773735,0.25883745354079624
1.8112029196914252,8.777856333498615,1.8127296274842515,0.19158556232363938
1.1276513593399375,8.135752700687261,1.666352492643171,0.300569013225292
1.2033371854066321,9.849754385385005,1.9839022824229395,0.2649729889782047
1.752998839478422,9.251521773373723,1.9596107531607843,0.2156120000962994
1.4525947963205095,8.456181890787823,1.74285365202687,0.2427835559016903
0.9094199351790347,7.8959131567791285,1.8737100410410212,0.3742113516385167
1.2612833414238296,11.036167658694223,1.918201613526204,0.1697176209294122
1.042372346262787,8.825851062472992,1.807599573623673,0.2534048068960793
1.6933997742188749,11.288577282002661,1.8777124831260275,0.13185852157149205
1.6540297844234937,10.815336525091988,1.856883519473022,0.1436019532922806
1.4307487247856274,8.88652515476995,1.9730498480441456,0.25133984849065466
0.9956952769856308,7.823820484027498,1.7417052630623644,0.3231451124842254
1.4813100284341418,9.493252329767913,1.7210571706280213,0.19566762385373454
1.0942899119888676,8.386130838411102,1.9426267270429156,0.4115356485655831
1.120192707684544,10.442185174155817,1.9861390262739156,0.27491712757474185
0.8494663752134413,8.142545371575244,1.9356368606475964,0.4008661342405151
1.2713566804592549,10.443846216001264,1.9574536998867653,0.18400823349309542
1.5286275473653634,8.87590350620226,1.866892973987759,0.2642259158761948
1.069072115083174,8.73898621855354,1.9237644113305006,0.42136124856457885
0.8518587847779755,8.246210137941109,1.9843124410511819,0.35890841615899544
1.345093871025865,9.961517794934705,1.8935814098648343,0.2282182643363512
1.3247338092356715,9.212700821814579,1.8572652731581505,0.28462174175749944
1.9048933072393794,9.899432635763922,1.8710194841486802,0.1647778870947539
1.3942849679561116,8.773282890118422,1.7754960262085233,0.19358699766960893
1.8987105092090468,9.640099510042289,1.9714721488066318,0.18333961678748412
1.2461660468249616,8.100568334866406,1.8971177242031765,0.35819040055004275
1.303902064517304,9.467615117329533,1.9256711201121046,0.27770980056658884
1.7874935635873739,9.232304013111785,1.8687555556733435,0.21279813240695986
1.5605281820138046,8.958162110226723,1.8819869761486234,0.24908874270018055
1.3439211151796568,8.423755743660724,1.905986358905255,0.31110001250412606
1.6729697815589237,10.02732447290295,1.906183228884455,0.1401804241227043
1.6179139712368764,8.985161614417713,1.7575526138043749,0.21100308102331417
1.1606323440459496,8.673792122034135,1.851317678484801,0.2938576948049074
1.7080172287252522,9.111032646682974,1.706453162734967,0.15769903260655602
1.9023208716424729,10.056980155036381,1.891032504371957,0.1447456449855812
1.701864229331363,8.612023180152898,1.73821646307194,0.1944608962732713
1.564905551782373,11.55491939230707,1.946730316735665,0.15159129741140567
1.1525444316923985,9.296702375521244,1.8631086164707533,0.32689604192266647
1.3778348706984853,9.855687596844746,1.870100700425741,0.17745003736831547
1.12812464158425,7.840199134661772,1.9021711566655375,0.34907780874908007
1.055257273501192,8.314498121899945,1.9627435028602302,0.3972390270666553
1.515866297785103,9.175640131809251,1.6976017425518588,0.21674102559710554
0.7603951712044661,8.15713286212691,1.9653532041115036,0.4251475219741494
1.285878685906883,8.152297915964265,1.775110747247373,0.29826726668883835
1.2308981505153154,8.695634868904426,1.7654922046639543,0.25173223131931216
1.4377804302267732,9.35899210485407,1.9072206653065962,0.17532715946554656
