r,K,m,g,C0,distance
[0.33896199],[966.67269312],[2.26971712],[9.36324731],[799.11186385],219.54097290294237
[0.11316527],[1952.45260552],[8.16564063],[22.7175457],[943.41391492],73.33029691292143
[8.61813048],[750.25788324],[5.5960603],[2.05844378],[997.77436318],206.14475644215474
[0.13030688],[28506.31390033],[12.82924794],[20.3719703],[1054.81457154],209.57970346711932
[8.73166314],[779.578263],[8.50471492],[14.86715553],[947.14446034],247.93113016025927
[0.08104347],[19664.31178916],[9.80262613],[20.90758727],[991.94451033],108.86297231373976
[0.09874348],[29585.924676],[11.64573945],[24.8759232],[1032.18653226],193.84164735832223
[0.07744152],[6702.39887473],[2.74769641],[11.96533402],[836.88382266],180.4609273889763
[3.62075674],[782.87935952],[18.11108843],[20.46626686],[941.51811682],230.95828240920684
[0.37829294],[1088.85879942],[8.80576335],[20.19172385],[811.1677972],247.14392753498623
[20.29585293],[745.93657535],[8.12178745],[17.61672965],[991.23376864],240.29714671614704
[3.20681177],[859.61829247],[5.54651082],[2.68693364],[965.62987613],229.72028007212282
[12.69082895],[760.15743978],[3.36447923],[3.5654824],[940.25952633],227.36076565779922
[1.70502344],[890.0563307],[17.6980649],[15.03866746],[1059.19879039],210.5846830679693
[0.0224348],[29903.02629882],[8.53560135],[22.90480515],[1022.18268705],232.66130909731362
[21.11814312],[739.43006584],[8.47952584],[24.71433807],[980.00537713],235.575310172665
[4.15567654],[768.32280944],[10.02119204],[5.57766865],[983.09984187],165.97349605767704
[0.08034815],[7720.5865854],[1.12242081],[4.37075884],[838.73447823],160.93195923402266
[0.06328715],[11147.21115246],[9.1758727],[23.3470594],[1054.94448911],229.18543160953539
[9.94565016],[771.46180743],[17.08237118],[18.94454861],[957.35223703],229.6964687115892
[0.05419319],[3082.88094966],[6.24931859],[20.37203984],[960.02246868],127.71722861842227
[23.9806378],[750.06704508],[1.1537871],[2.75538457],[1002.38283061],244.88742359709067
[0.13310793],[1355.03127076],[8.70293777],[23.13806023],[938.52743134],110.83178419873548
[1.37324807],[829.29365001],[12.28674451],[15.59155669],[902.76789654],181.52342779419848
[23.92916951],[729.28534972],[2.25045888],[2.60171887],[938.82289236],242.60508976593792
[0.05330092],[6990.80065546],[3.38115149],[10.43157559],[996.70727491],169.16236569707087
[8.67723128],[743.97191182],[15.33715134],[19.39385095],[974.03331937],224.87997735581553
[1.17335123],[979.51936645],[17.73298268],[17.7518416],[947.7863365],231.82841129704912
[0.06977565],[18991.06401173],[6.87222432],[21.23293277],[955.47656825],115.47287403411246
[13.89484533],[748.33432186],[6.63990847],[6.20240894],[943.4731702],222.8815999620707
[4.01582138],[787.34139731],[8.54518559],[7.53336442],[978.75538653],219.30404556512963
[17.41133421],[742.00109663],[13.1232301],[21.58555083],[954.64472933],219.35411265118307
[0.12233116],[14075.4008833],[3.53437547],[5.62680293],[994.87068702],243.02898909628425
[16.84320556],[830.40064424],[1.86323629],[0.06823895],[1002.33884326],231.47877441030482
[18.12037576],[864.09738908],[18.55402532],[2.22308923],[1013.26711036],248.10604382055817
[11.39506922],[760.94967364],[3.44374956],[2.01213007],[902.1615796],231.64963221474716
[0.0290271],[17495.24494221],[4.07906719],[13.06867247],[974.75272358],159.9138347189994
[0.09918346],[11265.50855594],[5.86939764],[10.10358131],[1083.24984158],172.33142014293003
[22.02379788],[732.10967674],[11.40022474],[23.0073746],[985.74559247],248.63591415844644
[0.0951828],[27923.14142787],[8.06279694],[16.20860468],[1053.12353696],170.89912642590866
[0.07493581],[22538.84617969],[5.64333316],[17.2575801],[905.9324583],94.80836985203314
[0.18586659],[6515.65686132],[11.21916751],[19.25355962],[938.04287582],225.71781740827157
[0.14799009],[29264.36581931],[9.14501628],[17.96209061],[977.95168706],212.7423869853751
[17.20387408],[743.34721744],[14.57957117],[3.08477532],[963.06802077],180.6865287974606
[0.16368639],[1088.46961461],[2.18973264],[7.28338527],[930.70019186],142.24321900895768
[20.63833556],[750.31811024],[13.03225799],[4.17793767],[957.7681129],198.93109128514027
[8.30677507],[824.00291039],[18.3986381],[3.49653736],[1047.06566561],224.61914545014827
[12.25591325],[775.41234391],[5.20396254],[20.54186385],[945.58000055],245.49736803539713
[24.42499789],[722.20374809],[19.41390577],[9.36968896],[948.24762125],245.46921103784507
[0.12171328],[10178.3218047],[15.16814647],[23.02913789],[1114.60975224],234.17980022397887
[6.52612598],[757.23165917],[10.8809155],[21.43136703],[942.90292811],229.34899144262488
[1.58478094],[880.43842508],[12.10883631],[9.74768361],[1054.51798087],239.62211349879203
[0.04403704],[25082.77982709],[3.89516902],[16.48669479],[869.18032187],201.36804139198443
[14.59580549],[937.95327828],[6.24270545],[0.33953648],[1075.39105396],235.12083002963288
[8.04771819],[755.4082236],[2.88192437],[0.92259364],[951.82751252],245.92737816837348
[2.89355861],[871.41293503],[14.75397106],[7.2403094],[1012.62707718],244.34924246527726
[0.12106817],[11556.47839742],[10.33813038],[15.82411632],[1103.57693949],226.31380883381746
[18.39890007],[918.94500659],[12.16997458],[1.06733816],[849.22717889],232.61026938867928
[1.61535108],[772.05563517],[6.30221591],[14.80296684],[950.9419145],184.52386008792303
[1.09863328],[840.9219959],[13.51858764],[16.92337185],[877.44064182],233.9724970847302
[13.32780087],[1035.96803689],[5.9934071],[0.277679],[853.01389251],140.54348826538694
[19.6391321],[915.3743795],[13.45719915],[0.79164075],[993.68675876],135.54905063385104
[7.8065697],[1990.97293825],[5.59736529],[0.08298188],[995.99620847],113.15661117364061
[16.34836555],[1252.96340692],[7.06478473],[0.0521259],[994.9446713],177.1267330250986
[0.17469587],[10778.82672509],[5.13945617],[9.57774443],[932.35030884],229.26516354793432
[1.3603467],[746.57371766],[11.97995956],[21.50273472],[913.14681387],234.519803706375
[0.14780431],[1510.51259549],[4.87194026],[12.84954206],[949.03387934],59.26761172568263
[19.93744587],[776.14452394],[8.11915866],[13.06927324],[965.06813426],235.87739036943833
[0.09808759],[20713.15419131],[1.55416255],[5.33583754],[866.02078782],210.26951219999523
[0.01797051],[29916.07984065],[2.93119633],[12.46569571],[970.36275641],217.3313033217022
[12.5990816],[749.87422189],[7.8995166],[17.39127546],[918.77330164],247.34860411690727
[0.1198976],[15358.25870379],[6.29921538],[14.82803052],[977.19928432],219.90342936092793
[0.10425166],[21578.63007606],[10.59921793],[22.93367636],[919.09031374],148.13510506804414
[8.83203093],[746.31089482],[5.08167214],[11.73733798],[976.48198697],225.0120645548426
[24.82406923],[852.48238591],[14.40198537],[0.79631894],[1001.79321693],165.5072637405375
[21.98999361],[790.5894214],[19.58930393],[1.72603854],[975.96981368],162.51099144860586
[0.06796769],[23429.39797304],[5.75410795],[18.67718434],[901.25600382],115.87750820664132
[1.82564427],[932.74668278],[19.95972011],[17.04894767],[960.94976887],177.1255907768592
[0.35138975],[1135.92984395],[8.86836651],[24.24850495],[884.7825545],198.21585457042715
[0.08216345],[2106.86447379],[1.8711238],[4.44626825],[988.55368866],145.34415444157548
[6.72819487],[927.61000921],[3.00157834],[0.37018732],[895.32322443],225.89222457562084
[21.4348874],[786.01206997],[2.67846907],[1.8691425],[971.41533446],232.9573149490185
[1.06241604],[921.88970241],[15.17470305],[18.34466077],[960.655123],109.20793866693748
[14.17129635],[772.79802974],[0.47664734],[6.19147154],[939.40084304],248.9692835177408
[0.08847127],[7393.6310593],[4.12828956],[13.91706041],[862.79703663],119.49238763993844
[0.01884176],[24134.5074304],[5.97021103],[16.94765094],[953.12705794],231.23221051846429
[20.79607607],[744.53325414],[18.46197679],[16.32156327],[983.75041462],234.21691350864432
[8.31567041],[719.36014844],[13.98253851],[8.57133468],[957.54788592],236.41660015852392
[0.10656516],[11491.99018602],[9.25901538],[20.40883175],[1015.01986372],190.97924958970646
[0.05484203],[24267.80054917],[9.89989399],[23.956938],[967.23127812],150.9183474285827
[0.05325159],[28258.30850852],[5.70670403],[23.74625379],[955.43668109],230.94110731006742
[6.6416287],[743.76317831],[4.59617373],[10.75739801],[962.39130662],212.75642623072372
[0.1322312],[22281.09161828],[12.98358073],[24.22616566],[931.94392554],157.93235716667584
[18.12493661],[760.66754844],[14.00643617],[17.83594859],[943.78721892],232.54682803713797
[10.4790043],[737.25543836],[9.24035257],[14.11302644],[981.72799929],239.42259903085505
[0.07894327],[21397.39925958],[4.99510003],[13.8902762],[877.44683933],199.8893395301984
[2.00276717],[852.21188409],[13.73918902],[15.79965498],[934.39899168],183.65564169964944
[22.45566933],[758.56448219],[9.92138396],[8.72917728],[943.88718252],230.2552234048959
[0.12185168],[21147.26321567],[11.21503367],[21.36825475],[959.3463554],96.97254681396942
[0.18245933],[4866.27839531],[9.24591021],[18.20722124],[936.43346811],219.00430506265582
[0.02789306],[7298.97091211],[3.67160395],[18.86202445],[953.99510574],224.93833663904604
[18.34063211],[748.0177828],[13.20571326],[14.70530993],[966.69638493],213.67750794492486
[0.09959422],[17385.4429012],[7.86702413],[17.67732533],[912.07928648],163.27616143907585
[0.07969355],[6291.78097952],[7.21533064],[15.02966268],[1065.83801686],155.28841883351095
[12.61094217],[749.16267186],[7.22820857],[22.60771744],[955.37818669],211.45788184458115
[17.50568414],[740.00965918],[14.42050771],[5.58023483],[924.47111483],248.1426548815707
[0.04033691],[11654.51980495],[8.4868894],[20.55820985],[985.71166891],207.28249423612976
[0.11200177],[2563.67390771],[7.58238072],[18.60827921],[1023.79813781],203.617119908444
[23.28691634],[1600.33488731],[15.92831477],[0.10365188],[1010.89343787],198.79268800274167
[14.42185995],[747.76695891],[6.12737828],[7.56805606],[993.42161246],240.3087509999591
[15.48578398],[797.29970297],[13.64139668],[1.85091554],[1025.42194146],200.31169848144157
[0.03261535],[25698.02712784],[0.65161842],[2.0669199],[951.50857389],178.91416300671392
[0.11444225],[15165.86677686],[10.68364984],[18.79538308],[978.75185481],173.70775638924556
[5.23271605],[952.60403823],[3.94609584],[0.71698059],[1000.85195172],216.43961958361297
[0.09044793],[6709.34992465],[3.82019026],[7.15588427],[1019.08188014],204.155292045598
[21.00017204],[766.88615073],[18.97061482],[3.64652907],[924.40700658],235.53139026958843
[0.11818712],[12678.41406083],[12.72345099],[20.82559047],[1019.78453117],204.1116491065668
[14.66286275],[898.03520638],[18.76221299],[1.68935277],[1003.33842242],201.7337418977263
[20.19959774],[899.54663889],[8.74920462],[1.00162365],[1031.94634064],232.28719805607466
[0.01699855],[28119.30857648],[3.37048825],[17.62616103],[914.18695168],242.92489434926313
[10.68509505],[764.2972065],[14.06350669],[7.23811845],[935.98026124],241.6552818589837
[21.36851686],[777.52281609],[0.55151081],[17.96971672],[974.26644137],246.45592226047836
[0.13145661],[6189.27565473],[4.22556138],[12.17428177],[873.6086735],214.67675573428198
[23.47176383],[737.43971079],[0.08132913],[22.39469883],[930.72437752],247.83591141906902
[0.10630726],[28410.84946454],[9.57085032],[18.10723205],[1010.14639094],101.9665522659684
[0.04728893],[8596.60573534],[5.54804058],[17.44627755],[929.17644403],151.94102319546596
[0.98891038],[784.81712626],[4.16914598],[13.99580445],[945.06559961],202.69849448190155
[21.20470439],[982.46058367],[11.97853044],[0.68347516],[912.06273425],194.89344467014826
[0.13368725],[3441.72173996],[4.31531046],[9.43685789],[995.73661343],144.09720243273557
[1.74382717],[870.51260128],[2.87708455],[5.4175253],[953.96993746],202.9482930764018
[19.61851061],[726.63984748],[15.93167136],[6.3523324],[944.46265432],243.37641002648593
[0.16272831],[19408.61265713],[9.81219455],[14.34880549],[969.88353497],226.87675672713397
[16.64046896],[760.43830056],[17.50926079],[19.71134408],[973.87837174],228.983076745076
[13.14956768],[828.47805297],[10.64857496],[1.0788799],[984.4902588],218.41746512455347
[11.44037244],[820.41149961],[12.84665986],[2.35651512],[863.6609734],243.12398058323936
[0.06899475],[16261.19034155],[4.06078318],[15.72565832],[842.18912053],179.96479665646223
[0.03265647],[24658.12012562],[10.70899452],[24.67901653],[1039.76397194],247.54540506927526
[3.40125135],[777.47332439],[14.48895714],[23.57515042],[989.7958511],246.87671608811434
[16.63342484],[873.45366749],[14.45346325],[1.01088917],[903.26945978],219.47295332736337
[0.13934895],[18546.65854764],[11.2362067],[19.50761188],[1030.16074417],197.19053761386726
[0.15018937],[22321.23083972],[15.96783679],[24.56216885],[1018.60225594],226.34039641160007
[0.06873641],[5221.25405335],[9.80263899],[23.98464437],[1046.52938606],183.07883487861204
[0.08326024],[5596.26197035],[2.07810505],[8.65682422],[806.30045443],213.7124824962333
[9.01671746],[748.02123924],[13.6542254],[3.94356053],[917.30211557],206.398187910753
[24.59373967],[763.80964671],[17.8425177],[18.15396279],[957.1188975],222.35738787119658
[14.84330587],[761.4853603],[7.88943033],[12.41915798],[984.41209764],240.55495625716242
[13.26480423],[720.55766037],[1.57102588],[7.57736933],[958.90055632],236.4405128287426
[0.10887346],[6445.36567459],[6.72578513],[18.18100614],[956.62174629],177.90137860425784
[0.11128022],[29512.35248599],[5.70570557],[11.22122213],[999.03931408],93.7859639760868
[10.28860663],[747.30779967],[17.31754071],[9.53924408],[921.59516891],246.31850175560032
[0.09145501],[3497.71758268],[7.78729609],[22.9836497],[886.9929209],139.46257340517195
[0.08183164],[29370.18725985],[4.52926619],[21.42231826],[803.76846618],197.06077344008327
[0.17748533],[5868.56570401],[12.98589799],[18.98364699],[989.25863625],233.6344340936538
[0.08559754],[18553.70890325],[4.16270784],[13.9113906],[922.91385919],213.61313722319642
[0.07302204],[12185.39174643],[4.03236391],[9.71607713],[1037.62733532],174.51692678343318
[1.67228089],[886.62809563],[14.56839155],[12.54715287],[922.73263799],177.3420483385579
[15.56487681],[760.80971938],[4.0007246],[13.64040436],[938.40408983],238.0707064028844
[1.42816314],[902.98224238],[9.50583023],[16.89833493],[967.2985232],226.83081259042456
[0.12608699],[22777.23065133],[14.43657166],[24.83025569],[986.53999942],141.43029790702542
[0.18078675],[3181.50135248],[8.72376096],[15.06793961],[975.98266466],150.04035627284566
[0.2839087],[1372.40628143],[5.08092223],[11.68677919],[944.90392872],178.46095834273535
[13.96578833],[832.1473543],[16.15881925],[2.04368562],[935.09801047],152.28124111740613
[14.02917843],[816.03442788],[9.67626199],[1.57668891],[840.09992319],235.82994686762572
[0.5916618],[792.62591689],[2.97561137],[9.62372549],[959.45032535],165.686494231423
[1.00077404],[941.8748416],[12.5996227],[15.29466166],[995.22279335],159.3606465309764
[0.0381862],[8409.98848572],[4.92152848],[14.32882294],[1019.44506321],207.34269089409634
[24.71434116],[1706.26178469],[16.08697594],[0.10787831],[908.96146911],209.33886262294016
[22.95733326],[785.95855927],[6.81604552],[12.04633387],[962.71249872],243.3348458513516
[2.91081412],[922.17104964],[2.34231531],[1.61514198],[1023.49040481],202.34315449373537
[0.11903335],[24111.18414276],[11.43921375],[23.90719232],[933.71967258],110.43637817979777
[0.71126515],[1027.05947219],[11.12788049],[15.73663291],[875.76038551],237.9798216375067
[8.33999738],[798.29589194],[12.93108981],[3.05593377],[1044.47397427],220.26122150137985
[5.42851571],[760.05797111],[8.59046142],[12.63338381],[946.85550851],224.97137663740568
[0.05437521],[17429.15124982],[5.96870826],[22.38570306],[956.9037363],168.14834079004765
[0.13675696],[5272.40233985],[4.28948925],[7.39178575],[1040.9635621],160.06206551386424
[0.0938498],[21757.07538217],[8.2854156],[15.684461],[996.30497802],165.46618357308648
[0.09711263],[13135.17465083],[8.58203314],[14.62968259],[1051.17375044],224.57104516066966
[0.1334426],[2829.61009753],[6.89320799],[19.03581106],[848.97086585],175.3645647398556
[17.42113116],[753.77547709],[2.55495272],[22.50696998],[928.05906234],241.38307474828616
[0.18982215],[1240.1583509],[9.6290044],[21.84031808],[964.66632557],68.67651185966156
[0.1714313],[20442.19770658],[1.48880716],[2.60115583],[958.48578875],181.09497950481625
[22.75253503],[726.09404164],[9.22819677],[19.35780306],[972.42471433],241.33066490769477
[0.17694652],[15602.84047699],[10.45862012],[19.16240565],[924.81576614],247.32284611305727
[3.01565811],[803.42775294],[7.76953375],[10.21029135],[978.53651877],232.11536541580665
[17.13880576],[743.17292288],[2.42457407],[1.57250115],[942.37374627],211.54317518603818
[0.05205547],[5540.51951592],[4.39532202],[23.67181858],[907.53184782],242.64141879100032
[0.04560238],[2186.46891159],[5.74494798],[15.93646295],[1011.97886197],189.42981098636142
[0.11021379],[25183.70670102],[6.85558152],[15.15482169],[928.57157544],93.1457219611591
[0.07931601],[6564.15206165],[4.73256279],[15.85531941],[867.62648258],145.05108930269637
[0.24668597],[1174.68414216],[2.80041744],[5.60049839],[982.60975831],96.68652890300916
[1.45264905],[846.91307052],[6.29559292],[8.26486243],[962.49028486],103.4173682192162
[6.34433356],[717.40447743],[5.9218794],[5.184248],[983.53983476],245.88660419095675
[0.48626356],[896.58560433],[10.67083336],[23.37435996],[889.49249923],183.33065649726996
[0.15872411],[1788.21252138],[5.57129293],[13.01322518],[1014.91748686],194.23913004572398
[0.11907226],[15886.34459824],[9.05556722],[18.64649016],[1008.02085223],174.15704225527736
[0.14971034],[22953.38833188],[7.9052455],[15.70263675],[977.38923232],220.79805395171388
[0.0877576],[9802.48784349],[4.55993616],[13.48796127],[962.39814613],177.70657911106127
[0.1242206],[17269.9829467],[6.75165862],[14.45917399],[877.56817779],200.32784031304232
[17.21153095],[745.92367071],[11.80232827],[20.53646837],[937.28826284],232.7879824735179
[22.83041986],[884.68518445],[4.59423298],[0.30217081],[901.31656886],220.50791539962074
[0.01780043],[12373.07398258],[7.96928282],[23.20528502],[955.12259324],224.64188360833487
[16.85548207],[738.7732906],[17.16441074],[19.19260842],[950.96494999],226.26151108275383
[0.10747799],[6672.06771276],[12.86821345],[21.65775213],[1045.23244877],223.2782593849313
[17.63511219],[752.13825923],[11.45139561],[13.74928728],[973.9205996],220.7231950051697
[15.46763684],[738.58691944],[1.86080189],[15.85429187],[934.35760931],243.05528543934975
[22.47609393],[813.14544035],[3.86173153],[0.44076103],[1068.67971002],249.8869467441716
[0.16328473],[13833.10239906],[4.99104531],[7.84009447],[947.63010666],218.0969647117755
[0.08886136],[1912.14122524],[2.92349638],[9.29916071],[947.982005],115.82205138423092
[0.06674216],[21504.62013797],[4.86973535],[11.77575861],[991.62523496],91.57606573076066
[24.52015169],[750.88546764],[17.58444541],[14.10585032],[936.65884426],229.8923451407511
[0.07835749],[11792.89494088],[5.03759884],[17.11741982],[837.87128565],211.64874242136273
[6.97609858],[792.17797749],[16.40945685],[4.5092373],[897.45871156],223.0353876503999
[13.05563637],[776.15275309],[6.29330462],[4.85069337],[955.50165365],231.58646587793294
[4.01296901],[804.72555146],[18.8767105],[12.23738775],[948.9183202],215.45764881261778
[19.23022359],[742.74944148],[1.92671335],[19.52350268],[954.2745364],218.9760170858624
[7.12429107],[780.32244377],[1.54141106],[15.88864527],[965.19328388],240.2006042011808
[22.33649051],[753.66406534],[1.1152022],[4.37173852],[969.25249975],216.98475698081802
[3.16152459],[783.90527208],[13.95648469],[15.35732336],[996.50824184],234.0361939710275
[0.08306704],[14540.85909975],[3.86361261],[8.85924981],[993.33080363],55.3894503981719
[12.87504118],[736.9165604],[4.38070762],[21.244627],[945.2933499],233.78955174397424
[3.49581949],[750.80263042],[0.66222957],[15.34027913],[923.24783862],246.4727848125749
[19.97949734],[916.72470425],[18.83294396],[1.44573466],[894.95772216],211.9367505119311
[0.11309941],[27910.53746253],[11.36882294],[18.75117167],[1055.60241325],173.36101856788082
[0.11821327],[22205.21185335],[6.53913387],[15.94464484],[954.34616304],188.66101562119036
[2.01331433],[795.72509406],[13.11144359],[15.66712509],[849.1330034],238.86761926805082
[0.07154098],[21811.43037414],[7.36553224],[24.52417162],[869.48359948],148.1501727448624
[8.77215667],[768.13648556],[17.62054463],[8.04659706],[946.82420562],232.91434706423024
[0.04538608],[24954.25258628],[2.78701463],[16.22761839],[825.47658651],246.9843676986735
[0.1380289],[14543.89548855],[2.73680593],[5.52349074],[975.23906838],154.19406187211996
[11.85675515],[751.43155137],[19.57173995],[3.40272236],[865.98344062],236.55939184003546
[17.36107796],[739.84633259],[8.65970817],[2.82412644],[1019.40737295],249.7149857883279
[19.26202029],[749.63871763],[15.16552023],[2.74108948],[968.6390759],171.89392076457193
[0.08567174],[9942.36904098],[2.69196165],[7.72801791],[983.5698758],215.90861372289044
[14.4575708],[726.89000089],[3.02692435],[2.25783786],[975.69023346],226.81757995498515
[4.29918178],[720.08677412],[8.51485681],[8.24784247],[979.96389592],232.65651394961696
[0.16236932],[2172.2184649],[13.06748511],[23.82438785],[1031.5351157],113.8514622018987
[0.0741223],[8557.35680458],[7.29685798],[20.10333616],[972.98619853],81.02102930465071
[6.17544706],[759.99527357],[13.38934092],[7.06304041],[1004.87681934],239.3817983410778
[3.98711919],[854.91648036],[8.06928711],[3.24054182],[938.98461583],238.32726133791925
[0.02544898],[19485.66698918],[3.48808745],[15.95209005],[890.34779452],220.89026640819156
[19.51096387],[716.42513759],[10.29155437],[11.6553292],[949.68655951],249.88016006746057
[2.32092154],[751.84791363],[15.13022367],[12.15769405],[988.74189598],235.46597153115727
[0.14435005],[21902.58105927],[5.52463209],[12.07546917],[923.23540142],201.86476413901016
[0.61614138],[943.55475135],[17.75114026],[24.07118414],[1007.50420046],148.34988572355292
[0.1669467],[5419.29600961],[12.86886581],[19.53109953],[1027.57824346],228.6123913478964
[22.00579328],[722.49100302],[11.01221048],[3.16943092],[943.41850326],232.99322738650187
[0.16824129],[6759.1959371],[8.04546771],[17.26611181],[905.62926015],237.13947191258603
[0.04623666],[27684.23964804],[4.43618898],[11.41896125],[1027.49394779],179.32246418842703
[11.02145286],[725.51214905],[11.20497402],[23.51865403],[976.33199271],245.81207289542215
[12.30770723],[781.74782572],[15.28912865],[24.16317755],[964.89220122],241.30224450497929
[3.44184218],[750.2447085],[17.59169924],[20.58242145],[1004.43696905],227.39124371225353
[1.12990185],[777.22336746],[10.96059771],[22.418944],[1019.84565501],209.7898543548971
[0.02416638],[16075.11480856],[6.6171457],[23.79189993],[963.92790083],169.53200716969377
[8.40625839],[731.84918159],[14.19917136],[3.66285348],[988.14930979],225.17087647688982
[0.70404818],[916.26544322],[8.66237201],[16.71326944],[1059.41610403],228.45605791215735
[0.16363705],[12701.48343878],[10.78225899],[17.84320291],[961.66805644],188.17110505155756
[14.3320686],[777.81370809],[10.00126301],[2.42636668],[1038.93164435],247.2582414716718
[4.31066543],[747.66102762],[12.45333423],[14.57031664],[918.11215908],237.0981596069255
[17.25760711],[846.36544709],[17.58909656],[2.49550615],[965.76199452],214.66513313757525
[0.05333127],[3481.51900211],[9.96183334],[21.33453396],[1032.55412906],246.40309327519174
[0.12830832],[6248.20479223],[8.59243369],[17.59205653],[998.06820788],130.6943251864068
[1.04496662],[927.97639862],[15.53101577],[15.91331816],[1009.68760288],177.32644715504273
[11.51055479],[829.58979281],[16.81474779],[2.47443127],[1051.53721922],219.9554106893437
[4.82288445],[894.50859857],[1.62288409],[0.52230106],[937.79843867],93.68613667194359
[0.03508992],[15989.64448582],[5.45884836],[16.85915975],[994.25966516],179.60933511538315
[24.11926135],[772.49454641],[9.70158458],[20.26467991],[946.41295916],241.74825077059347
[0.09335688],[17159.10726985],[13.1038922],[20.43151451],[1186.92436595],233.38696896499255
[6.55202403],[728.74646871],[17.16502426],[12.17589403],[979.86816688],241.8090550487907
[4.03346451],[716.6018109],[9.31495454],[7.40344071],[937.87796606],237.81032707218037
[20.98231565],[785.30943711],[11.16575078],[15.11431259],[968.11065039],248.0863483624928
[1.51464636],[933.52455227],[15.33735323],[13.42410366],[985.17479409],210.7191909122381
[0.04286609],[7105.01341487],[2.22302081],[9.83495488],[862.65539866],223.07788403347695
[0.12652282],[11155.84254507],[5.21295102],[8.13843832],[1011.04523628],239.46249762105344
[13.06948315],[726.02997363],[13.59714178],[3.36374801],[950.45632623],204.3463076600932
[0.20819068],[4483.25406165],[1.70215348],[2.98446731],[961.44225492],225.7194887722428
[1.47869572],[928.81928527],[18.33368675],[17.76766933],[935.235085],191.70380988355646
[0.14150555],[28279.47822059],[11.63680748],[17.63773103],[1056.07741672],240.9861313191925
[17.07353526],[787.43131007],[16.65046402],[2.23805681],[912.48813079],183.68346573044028
[22.66123302],[744.20337389],[3.63172599],[12.82113217],[975.30484934],226.1007340446098
[1.55470453],[757.69206058],[12.40146244],[16.09002175],[948.812369],201.9370279112759
[21.58542584],[751.41906027],[1.0449756],[19.7556938],[952.08671528],214.99901073635624
[7.30996713],[809.45738369],[13.97202861],[3.13064278],[952.16494859],183.8904307990473
[0.23508738],[2128.7303821],[6.08281607],[12.10545896],[949.99347775],201.10057580436535
[0.18862156],[2326.34826799],[7.85191942],[12.60278316],[1043.21765837],186.7310626236681
[4.05449258],[752.06183795],[13.22704271],[14.3102046],[982.64826533],211.47144499985586
[0.06895721],[13519.0090762],[3.50984148],[10.00789421],[1003.43405278],195.0603035367085
[0.58906651],[999.79406211],[12.30466228],[17.00048449],[953.66113435],117.21024299165151
[3.07795601],[759.20890909],[3.35912966],[20.30754948],[949.17933087],226.63167977255387
[0.3977425],[1201.14265526],[10.55241647],[22.01754338],[969.24469612],222.12831635976454
[23.76781442],[1022.38390857],[16.88270731],[0.60684826],[951.98028098],200.67233048919695
[0.06783974],[16065.35799957],[4.45193557],[14.71189555],[959.10392308],158.27443374799952
[0.24810528],[1988.43316262],[3.56941383],[5.67061172],[1025.4609219],219.2906956745378
[0.17515495],[13622.55631395],[5.39912876],[9.96250003],[942.5954122],240.31983351446922
[0.17501971],[1164.75288177],[4.13906117],[12.44280975],[867.67591985],213.47125072865663
[0.0748144],[11614.01935281],[13.01211438],[23.5677486],[1068.20176861],247.67512465184052
[0.12068828],[7382.21156877],[3.76016869],[10.79455087],[892.27762053],200.6149386530094
[18.0209836],[721.87863518],[8.05602438],[8.35456248],[962.56358275],235.54330542685364
[0.07410295],[18930.01812402],[4.70989568],[19.56922574],[851.88964713],167.38287782410418
[0.53235169],[861.5181498],[8.34884057],[24.32305646],[928.2864078],160.337627540619
[1.37323501],[830.7803712],[14.86208873],[16.09068452],[962.73199818],138.56870014004073
[2.33404615],[850.93297497],[17.81001794],[14.94454459],[1035.92608401],227.50732330041342
[15.03824041],[756.00365546],[0.28931264],[14.96526288],[974.24834322],224.91864960478642
[12.73288366],[774.31933129],[10.67140439],[12.4088468],[974.43976924],243.39587773111532
[7.99468969],[750.67996736],[18.4622166],[17.91036044],[937.65837613],228.11459931712523
[0.06340873],[5030.86840951],[8.50071043],[22.28944987],[979.95110486],105.13592301597305
[3.39542548],[773.66591],[13.86986405],[17.92273323],[950.2031918],213.57813446882494
[0.5127792],[872.30428011],[9.14860191],[17.12480334],[936.69825247],181.48824526159376
[0.12158351],[3992.94852395],[11.20590019],[23.51908345],[1000.22577317],83.88362991463202
[10.80875815],[941.32813724],[18.63468869],[2.32309006],[937.11153769],248.67817336579003
[22.76951261],[767.1833429],[2.57913856],[18.14583176],[972.15413847],234.0041423053258
[0.0750477],[19357.51625204],[2.45777955],[11.81364413],[844.19222082],237.17210298014913
[22.75933697],[731.41249102],[8.86138023],[7.26020236],[945.90250892],238.3911398930827
[0.12347047],[12331.72462721],[14.7190471],[23.17167053],[1112.07861267],226.66782775643355
[14.22527224],[749.94863707],[10.29935912],[2.74863563],[1005.45526912],209.25515072975213
[0.12247331],[11097.58650713],[8.77562695],[24.61102003],[857.02804211],176.52706081684573
[0.03336022],[18583.35595347],[5.80684146],[17.7287313],[985.08021779],162.84755168934544
[9.31346903],[897.9329296],[7.35202847],[2.07397317],[946.32344899],247.8042639089549
[0.21415469],[1482.26675388],[10.0086405],[24.6966961],[841.22510441],217.86606017980102
[5.46056815],[759.21661669],[7.18593038],[12.31440934],[943.77913685],228.00327611943828
[24.17227355],[726.15315554],[5.95284513],[1.55344348],[993.52569836],230.7104279491832
[0.05994351],[9543.71869179],[4.01463045],[14.69943818],[963.44179257],186.422899072135
[3.76304832],[860.73574223],[10.30417423],[5.41613845],[977.32818868],173.3725449244257
[0.11544668],[2467.6120413],[4.72206591],[9.52455598],[951.75938157],205.19041232655422
[0.09491698],[23066.52371593],[3.95334812],[17.3544908],[783.56154127],189.65005865313663
[0.76521769],[958.30193976],[12.74294108],[24.94299077],[916.16427202],177.2800259108891
[0.08061938],[26446.89223923],[5.82102663],[11.80339696],[965.6816523],192.28798724985836
[11.72331165],[887.33493714],[4.14436073],[0.58223212],[822.9760928],221.23113975758702
[11.53254056],[868.26008944],[12.09644792],[1.81332286],[881.37192612],196.73649503550098
[0.070964],[7897.51286478],[4.99219477],[9.13879636],[1137.76462565],234.53268332683422
[0.07802012],[13175.44063872],[7.50058013],[13.64390256],[1106.94274901],191.85152829648587
[22.22637037],[767.70809899],[4.98320089],[1.20843164],[891.46486952],222.48004169899116
[0.01685381],[14687.53393213],[6.32642394],[21.65512391],[946.725387],204.03069172587868
[17.20851662],[897.23864678],[8.12718596],[1.27293269],[915.35219769],245.40953456975933
[0.12088524],[22389.58430406],[9.56448337],[22.43356423],[942.15335969],145.76596866363025
[1.02804738],[878.42991832],[10.01831319],[23.09796313],[943.27589233],184.60008155159073
[0.1023836],[21941.67747699],[10.81564364],[23.57371718],[956.7373031],41.44989653813275
[13.33839925],[777.49140124],[17.95473422],[12.14792109],[950.21225362],242.89900654112614
[0.1057772],[9412.34874341],[5.45252202],[12.13616126],[977.69431414],61.67760388032684
[4.14704188],[794.11501362],[17.86802406],[9.66425142],[965.4746661],180.8075799539597
[0.10030904],[29385.01312577],[9.38776581],[24.78262113],[871.47665402],145.00561703334608
[9.00422388],[769.95175787],[11.67764284],[9.43226562],[946.05740608],238.5258946803848
[0.20215357],[2390.0600378],[5.58365883],[11.10908148],[926.93687749],150.39596400025198
[8.53123767],[754.04796798],[8.76844628],[9.99935939],[967.2219274],215.20371626937037
[0.01745851],[6701.42749368],[5.15148358],[23.06913523],[905.75628759],227.88288811310997
[0.07748272],[25160.10931435],[3.97756082],[16.30476236],[808.16535911],200.34111459952283
[0.84626367],[948.92145824],[6.45132325],[10.58912581],[945.69674722],109.99393786752535
[5.76647894],[827.70631923],[2.14955206],[2.31265286],[948.73846036],238.36081908865197
[0.07691944],[6838.44403239],[6.65881833],[20.07837944],[975.31453554],162.9607902831002
[0.11420502],[9088.37304411],[5.18619282],[7.82661812],[1157.11346479],248.5459080561784
[3.04790175],[861.60862811],[18.16545194],[11.29392901],[925.63675151],190.1927387734304
[6.80509886],[764.4225313],[17.93881262],[4.10942975],[921.07067237],239.86744050743584
[0.13208076],[11321.75236129],[7.05344595],[12.73199805],[918.05886487],223.27748548276497
[22.22883333],[720.09380691],[12.78267306],[6.76003378],[968.09442967],242.31112654695198
[6.87922705],[762.71535606],[8.25021816],[20.52368958],[937.61961269],240.41976436822006
[11.78296057],[853.30448848],[8.60837167],[2.52193305],[949.19626562],248.67831968324083
[13.16186817],[733.35563075],[1.29987082],[15.55163317],[966.70046332],228.3444952170479
[0.10687998],[6295.21512159],[4.41131286],[11.9671133],[923.12054456],117.40842393575497
[0.14757658],[9552.51400009],[5.38430042],[9.29467977],[1002.30707495],170.18900422848196
[0.03362612],[26050.64705097],[5.99514015],[22.57085833],[921.21295946],173.41592917461026
[0.45271653],[1017.82471882],[7.81066254],[17.36196373],[973.43032736],134.34891474222457
[0.10870194],[14930.93186726],[12.91463194],[21.98310103],[1044.31881447],170.0722709547813
[12.7818251],[741.41407549],[8.02073476],[10.38460898],[931.23961943],243.27560679318685
[6.62164559],[729.68847205],[16.8899146],[16.93637676],[972.29566098],235.84063686316767
[0.11530696],[1215.74726725],[4.16014751],[17.13730436],[874.14468374],196.7067580818823
[0.12265562],[6562.18979584],[3.52436461],[13.08736787],[796.97382106],225.49003543317167
[0.14700336],[3224.80895615],[13.90399029],[22.54098565],[1095.52382415],196.53371396269972
[0.08985151],[22781.94125366],[5.32657803],[19.48471511],[873.65304335],220.70499654315552
[1.16433301],[907.8471646],[16.89029864],[22.37755148],[902.26627012],152.06047912078952
[0.14071308],[21214.73240591],[11.35008755],[18.85351203],[987.30812621],172.44890354736742
[1.69954374],[783.42602307],[7.18901619],[7.46191639],[1028.92166517],230.70441722524583
[6.36735091],[769.7898569],[17.29481489],[5.3259782],[881.8077422],228.56138956251436
[3.1320805],[750.44952959],[7.85684936],[7.32234082],[927.52693615],176.91867421246184
[18.23252697],[741.15580546],[12.13962379],[19.13106174],[971.41858535],225.26270937929758
[24.80304576],[869.81432656],[12.81250739],[1.01969744],[886.83734694],174.45454350653665
[0.06998375],[22140.33251511],[13.29073248],[24.94663135],[1119.13747043],208.1705482588735
[22.46749687],[1323.35911238],[13.15849783],[0.14782931],[802.34612757],207.72489945058942
[15.1267798],[741.89033629],[9.69581901],[17.50906674],[987.3754271],240.48437581107646
[0.06896293],[20521.00140536],[2.04991569],[6.48649946],[919.64258084],104.50378670436942
[9.75349622],[732.36159063],[2.13226174],[16.27834589],[956.81291571],226.82244719447226
[4.41051563],[765.84781772],[13.3025628],[21.8428063],[945.6403891],229.64261036500523
[0.05360453],[14758.59974518],[5.58940983],[19.8793671],[884.91601584],175.42703108768205
[2.55176826],[793.4601791],[8.31093531],[9.82349781],[963.68277696],173.7700356879718
[4.57621321],[760.02904247],[18.98069092],[20.85755951],[919.90031586],245.10631122946631
[1.00122146],[968.10522987],[14.85123151],[14.99110578],[949.65091367],189.84811680559994
[15.68246893],[783.8344316],[6.34072218],[17.64207946],[956.53670437],242.9640724450702
[0.10271738],[8514.91976434],[2.90341974],[4.72655132],[1081.3638335],238.67542715554646
[0.08898837],[4506.73798362],[4.70186673],[20.27822363],[875.15550698],245.02072000296732
[22.71636939],[833.97934573],[11.56091763],[2.18677103],[977.56083556],247.18330846791525
[0.10624896],[19861.29769866],[9.41355918],[15.47683769],[1067.06980157],197.3188932574908
[0.07701032],[14430.38159268],[4.35606594],[13.39582868],[944.2916952],129.66751959626902
[20.30827485],[753.36672525],[18.80738438],[20.88259801],[955.91129734],213.12207740592203
[1.21191738],[877.17029284],[2.79224592],[3.38640354],[870.59826615],214.3236675524969
[0.03969996],[22945.39360059],[8.29648894],[21.74335047],[992.48901428],169.62013870871124
[0.05083586],[11216.62735752],[6.63521555],[19.7531391],[995.73947456],159.3306726630475
[0.17646538],[7856.36363168],[0.85086973],[1.71679683],[873.90013821],207.82044913807863
[0.08829506],[3734.8302267],[7.65584454],[14.80550925],[1092.0582897],174.71482093385043
[9.34477636],[750.3047307],[12.20208721],[22.07256889],[970.73550763],215.6547266368118
[0.0306861],[12049.36628888],[3.60689396],[12.60859247],[968.57725036],166.6069000943312
[0.08028482],[6528.46203119],[3.69170476],[13.91769129],[887.92801769],169.95520674981333
[0.8857189],[844.26983359],[4.52001938],[8.19546326],[986.16608822],105.93687718492993
[2.765471],[764.03560925],[9.27620836],[12.95221878],[941.54105218],194.89909564107404
[0.13692685],[10437.41153413],[13.14893485],[21.94606107],[961.67112794],158.20067742550964
[1.49886839],[715.48305779],[6.71029438],[14.70668349],[975.89451373],232.2164557328589
[23.84450242],[732.87496866],[6.78790615],[1.81098977],[1008.95184819],240.18545130776022
[0.10717986],[1888.0253113],[8.46324845],[23.60823641],[962.057957],76.3415911922267
[0.12689577],[20195.75249564],[6.19066961],[12.41725826],[975.98173501],113.1816130058537
[1.92939561],[902.86282426],[17.53646886],[14.84780621],[908.03560109],193.03069078807619
[11.3627178],[774.63760717],[5.94811583],[12.31681528],[952.56560865],237.70466454069185
[10.07320418],[726.03473854],[15.40017043],[20.20913409],[961.44484589],230.36450848399477
[0.17377626],[2650.43923784],[12.31397816],[18.38030597],[1059.6112854],217.70753253766168
[0.07415545],[5926.97809143],[4.48436339],[11.90308866],[1025.14012255],201.59219968988032
[18.9910391],[730.9618888],[12.86700556],[2.80244288],[919.53925699],232.00500695996095
[3.91445401],[766.32472296],[16.94886435],[10.38721957],[899.70789357],213.96436847649727
[0.02038797],[11286.09529638],[6.00540205],[24.49075163],[898.1340059],245.54518388972917
[17.37594857],[818.75503597],[17.27898833],[1.24741026],[960.27703774],210.03654171343032
[1.67554475],[846.94303728],[11.63317171],[12.24515017],[871.58343347],223.05325229855225
[18.20660813],[756.18162676],[14.67811235],[15.16009163],[932.78446564],239.0629127803404
[0.74783441],[736.6772142],[6.33680298],[16.5978894],[975.55924269],217.27257819583303
[4.95801134],[831.50110662],[19.38739288],[5.33639839],[950.39236462],236.486192809287
[17.83400354],[769.99961207],[16.75564603],[3.07759707],[942.64287365],200.2432940721551
[0.17757823],[2987.38363946],[12.55606356],[24.5018171],[987.8860105],168.15642823006635
[17.13254937],[903.76402682],[6.3293429],[0.4839742],[906.99523656],117.1160768094993
[0.1692812],[1570.35661131],[10.12639429],[18.84891466],[981.67086962],175.23867452474883
[0.16517679],[2240.99334919],[8.96015997],[24.23864741],[824.52591344],208.52224392791334
[23.59215744],[782.82901363],[5.14661253],[19.50083932],[950.54517112],247.95050577222707
[1.4212276],[799.4434746],[12.83883716],[22.16504351],[1040.80246139],243.98528634509228
[10.71671401],[740.00109224],[10.51009895],[2.56573601],[969.57896357],195.55640070340985
[0.04068897],[17157.34541859],[4.6302487],[11.9215497],[1063.80035305],245.62254030571273
[5.1617677],[753.86746889],[12.08840904],[17.81017318],[980.25544179],225.16327436599215
[0.16004355],[6967.09857594],[6.25965261],[12.72343169],[916.01630079],183.59722590839226
[0.03669187],[14099.16383164],[4.60503294],[12.77359707],[1029.80124533],212.76640366965512
[0.06010232],[18668.8053326],[4.89949178],[18.17864754],[912.21414903],146.39557519232926
[0.0564052],[20965.34936084],[4.77951406],[24.19273754],[820.25829215],220.27595642250026
[24.9141231],[726.19380543],[15.42542327],[2.17238683],[976.75644053],223.27943442656056
[0.04767925],[18629.64017627],[7.61799981],[21.90969239],[965.26098959],108.0963655400144
[0.05321827],[5899.79161356],[1.90403687],[8.92260552],[842.75709258],219.45966235274682
[5.21632827],[755.72261931],[0.19340054],[14.87688482],[960.21539156],211.98147332997053
[2.91296474],[776.73474504],[2.16386865],[4.49864036],[968.13849918],198.4462066322917
[0.0976],[6577.64128565],[6.87803906],[17.62383172],[873.66086377],220.80257899911464
[10.32787642],[852.87669195],[3.64032108],[0.59457406],[1033.83747358],153.36574596454273
[15.32320994],[737.22421953],[5.89685946],[17.00245543],[930.75437211],248.02097005713813
[0.0992703],[19226.32875344],[4.0786921],[9.90104968],[1005.64709417],235.84041040009697
[7.01518858],[762.26200878],[17.08975517],[6.23440803],[1019.71213265],248.95354420639558
[0.09564915],[28105.47277103],[6.13649177],[14.36346416],[967.8083452],54.53746071107821
[0.14144987],[24245.47080095],[9.17949814],[14.47881434],[1057.56908871],229.90136560542123
[12.05765288],[738.20879332],[1.53646178],[7.60019452],[978.67477653],235.34110838248375
[10.24618579],[726.34639936],[18.46770578],[10.15795568],[952.28308043],236.7631045922601
[23.54657032],[822.22417122],[16.91141438],[1.01020328],[912.02157697],226.48365205694665
[19.96455647],[721.94447618],[11.58226181],[2.26688698],[961.88293208],212.7027774972198
[23.20445147],[890.35955038],[19.09175284],[1.32174454],[804.1397428],248.2976178078345
[0.0457125],[5719.58922168],[2.97560207],[15.10664747],[853.85415487],229.31127289397193
[0.12591233],[3479.24630031],[9.81484737],[23.98358126],[880.03560348],166.82554764106158
[15.73781418],[772.87995568],[19.0056496],[16.86499771],[946.38882574],242.15638690247636
[0.14578138],[19136.60556666],[15.51731169],[24.85231498],[940.90784349],208.67925883169448
[0.12664767],[11118.60138789],[7.34203418],[24.29825398],[811.47782547],239.77342554952963
[0.14421542],[5986.02474341],[5.02425078],[7.79971388],[1017.90367341],191.26155861960603
[17.61562815],[794.34288134],[7.90131508],[2.25762963],[947.58706152],214.8080187233826
[19.07891148],[749.23122324],[19.40416864],[11.94388475],[1001.19212572],246.9476419123106
[0.01496033],[2803.26142465],[8.25291014],[24.18784319],[960.38518536],233.7079904349996
[0.1287729],[24141.2331462],[6.10174514],[12.48439218],[926.00437284],141.47662702624712
[0.06027902],[15597.57559711],[8.55239848],[24.55333216],[991.96353237],133.29015168575995
[20.51851949],[734.32986394],[2.22046448],[0.87586093],[941.27301563],222.6545990770536
[0.53230788],[912.04502866],[8.68977616],[21.61349308],[835.43279541],191.88680644423073
[0.06417786],[2728.64265688],[4.06481576],[12.30872224],[955.44998525],108.08800990642749
[0.03244797],[8216.18571363],[5.44107104],[16.88459979],[941.05982923],186.37865868926679
[5.47666186],[748.07026218],[9.49766848],[11.74960657],[926.73557366],236.14140527834877
[24.08884891],[734.59053406],[9.22931533],[6.65415763],[938.72393226],242.1848530553832
[0.09303516],[11724.84137177],[7.07115099],[20.76066946],[966.43617755],223.3562528526777
[1.36818554],[868.0704595],[17.08344995],[19.55989986],[1057.5647743],185.98316477686672
[7.33029125],[758.90336167],[17.6202787],[13.93204962],[940.23471845],232.5295561383607
[0.08656631],[4802.96429332],[4.27787129],[21.96070817],[778.22642779],226.96927221486646
[23.32742633],[748.51211595],[10.96636259],[7.96198432],[920.12400456],247.17774035202092
[1.85104959],[884.34729275],[18.78366771],[23.67641904],[995.33301946],227.75091730184488
[14.61591303],[722.63715437],[4.77189295],[19.3048599],[968.08421682],240.44682261492676
[0.15709927],[29463.55549427],[14.41867133],[23.40263655],[1004.77916974],219.35845436703562
[19.9297977],[753.98186401],[12.42650024],[14.33895204],[992.07494195],240.72248049709378
[14.48915063],[731.48697394],[3.48536203],[2.23469563],[956.43368955],208.06401446629263
[1.50420994],[827.31637233],[19.77969821],[20.34099721],[1088.87526007],246.11998291946372
[0.08254967],[1647.20388784],[2.48782664],[10.88915723],[969.63268471],236.85379983141252
[0.11489337],[1635.84046141],[4.92156685],[19.37975179],[951.57429327],226.83294136221377
[4.12641854],[905.79703551],[15.21941494],[5.45197477],[984.28692784],220.24528244283601
[0.08024079],[16481.43041271],[10.12791611],[22.56403736],[1044.5826093],164.24879208594155
[6.98806413],[727.133494],[6.73797869],[3.8268598],[977.50709539],210.10030702531117
[0.22378402],[2540.86246612],[5.4819856],[8.83305957],[988.36258746],197.9219469191221
[0.10589317],[3606.60602115],[3.39742207],[7.2646507],[1001.89188685],59.525733267277815
[13.89700451],[725.65006601],[1.99346231],[4.33606923],[943.1063405],245.28524574843266
[0.04271287],[19511.85486751],[4.58485314],[16.16414479],[982.82085461],180.13979492189708
[15.42984992],[760.28325025],[7.85776616],[1.87202104],[1023.58781689],200.06393140669502
[2.46372765],[834.86730499],[18.36264503],[14.94556651],[890.61432399],196.74926436799115
[0.16502049],[19669.13427698],[13.63615032],[24.87302244],[956.86674986],202.63372815579987
[0.15473625],[25733.63086785],[1.57364149],[3.00423649],[936.16633585],167.82168028101285
[2.01672945],[807.44550311],[18.6115251],[18.13595614],[1080.36864052],249.81757805277482
[11.03022659],[784.07607573],[12.80851533],[22.66293561],[957.99757862],241.7320255657877
[0.08414973],[3640.74717645],[5.41721289],[23.55560887],[891.44377947],233.07245177314473
[16.49496497],[747.76677017],[16.70850323],[2.71623661],[994.95020664],184.7110311674836
[0.07229897],[12119.90043074],[2.99249881],[9.44177707],[965.52196879],161.45125717507938
[15.27622307],[754.78477717],[17.06876286],[19.53587302],[932.91673727],237.533953147155
[0.05572785],[24062.17197396],[7.65681886],[23.75234132],[939.56319405],108.30935287449267
[9.72821387],[757.26581632],[11.82892663],[6.45013839],[996.88789569],244.32734933423217
[0.40141061],[962.68599653],[10.86891986],[17.55091548],[1102.52542456],188.63897835246019
[0.06414615],[18199.84234754],[3.77935862],[14.04084097],[910.02652894],142.68875903082528
[3.76912735],[754.14145866],[11.56825346],[11.04994012],[894.564244],239.79061771377837
[19.85113242],[739.763032],[9.13048688],[20.41413852],[984.17497132],239.41192730120247
[0.06181735],[25449.06865218],[2.61141284],[14.28815058],[854.90831859],246.8314460984982
[0.14300698],[20232.74920171],[0.89016131],[2.0392414],[891.27899003],208.67191768724774
[0.06756428],[19555.44840891],[4.02383397],[18.10842666],[827.96952666],190.87635057368232
[20.94192002],[830.59584335],[8.39488779],[1.1512494],[1037.6817531],218.59844353269796
[12.06140945],[915.93494119],[15.54013458],[2.05294354],[954.48549142],203.99965104378248
[0.67530297],[864.68916028],[4.38525758],[11.08772775],[967.36128634],141.3036012105489
[0.10087132],[9384.30848469],[6.07657819],[16.73122376],[868.18614132],147.6691399789296
[0.15784155],[15994.88442533],[12.72305066],[21.82457635],[910.39868037],243.89391813922384
[13.01535742],[787.42187152],[12.17592739],[2.80435785],[1005.08113756],224.79738927181393
[23.7660452],[769.07902056],[2.72761482],[6.82544319],[982.42708615],246.03815597897392
[2.95723719],[751.50151832],[4.720383],[14.95720229],[912.50832921],246.0113395003243
[0.16385195],[29869.95390217],[10.37055252],[19.60639441],[924.7972403],223.19607543193354
[0.40602019],[994.17231506],[13.7271894],[21.49409626],[1055.76010549],175.53202300345936
[3.19388241],[747.61070275],[14.49790937],[11.3733517],[944.93292686],168.06873202997497
[0.10792582],[28660.86193906],[9.94585637],[17.02863089],[1113.60955578],232.1839856006983
[0.09346022],[25147.97517689],[2.92882118],[10.92631309],[814.62171361],156.41010019377575
[24.37936777],[804.30932447],[15.07469768],[1.31766382],[1056.45315071],221.41610063074677
[0.12593546],[9001.89330541],[6.97531811],[18.86978322],[871.06118069],171.16462031224626
[0.09037094],[7931.26517289],[9.22348387],[23.99365349],[1004.39655581],215.18835212060253
[20.11028085],[761.99841231],[15.41349009],[6.6533461],[992.9777801],248.51410839629114
[0.06075854],[16631.49895004],[3.39862745],[6.90841756],[1086.85134849],202.08346124155935
[0.10387283],[15414.67659974],[4.44073623],[9.58731872],[932.00850778],116.32579890245222
[21.76835414],[750.51993318],[18.53225479],[4.89321418],[926.64770454],233.2916774899029
[0.07843929],[19848.2970274],[10.46568],[24.05283391],[984.02279769],63.72073327738781
[0.14886952],[1633.54525471],[2.16247166],[3.60877414],[1138.23344106],227.3992008270128
[9.54820048],[710.58834358],[10.41594057],[3.2104604],[956.63259557],247.65907995235068
[20.81359611],[746.29257183],[2.96081521],[2.12236385],[972.64361806],208.87921541272044
[0.07235093],[2621.44175859],[9.26934862],[19.95667192],[1054.14288889],196.14902345783128
[0.09009777],[20300.4654568],[3.59680224],[11.79740532],[860.66655147],122.15962785919407
[21.86846179],[754.49432813],[18.93639094],[6.49924152],[995.96962937],243.72790581056768
[1.20843004],[846.86316048],[3.23562404],[9.76830244],[978.26920931],242.40223035586757
[4.20757448],[867.30326463],[4.07977713],[2.15277083],[928.12981016],161.06252377167186
[5.25079837],[770.04401344],[19.81319221],[5.3358066],[951.02463],249.66385878765982
[0.42339011],[1334.23951787],[14.1750931],[21.15224712],[964.1590285],202.08229764713406
[0.0785759],[2927.19939744],[6.69082581],[23.23282739],[865.18041172],187.68797138640673
[0.12718024],[5118.96615063],[10.05929066],[20.25673507],[1026.45228067],179.63663454435846
[0.71259424],[752.97377119],[3.61868221],[8.33283809],[994.59904601],215.18461524712177
[0.12347781],[19878.14851272],[13.41011711],[22.94059572],[1004.55712157],147.96633107141884
[0.05073427],[21385.59888565],[6.33722386],[14.54108691],[1032.29004412],179.9698862769668
[4.65311491],[748.89722354],[9.21435906],[6.25035058],[1023.97602691],228.8965847184046
[21.35204513],[780.79208737],[19.38426265],[23.84226187],[949.47847669],246.9802740051672
[0.05916542],[2481.97097206],[5.08890853],[24.09819973],[882.84385005],213.48710682974922
[0.07820173],[6331.56199313],[2.38559768],[12.01867861],[796.60038009],209.60744658743363
[0.14779467],[21732.91490484],[7.04120361],[16.00090082],[885.94610777],229.2930628929903
[0.04760836],[25786.74031397],[1.04099002],[5.47381506],[908.04043189],242.88009902648173
[0.08738726],[20297.42308418],[3.00050439],[8.38873006],[937.85064722],107.64542904878397
[0.03544317],[13773.74093705],[4.59308451],[13.92948538],[995.66547861],177.83533846630598
[0.05659691],[4023.03482941],[1.94086721],[5.39099986],[1040.27554771],220.98775632871207
[9.55771174],[786.9068881],[16.76096789],[3.06096062],[1020.6850737],209.04515589702055
[2.53734057],[808.1019957],[14.12209786],[16.37728465],[903.08937315],237.97612692141593
[0.05461291],[4149.45425166],[2.43997871],[9.51427939],[948.78322006],161.36789800325948
[0.06977118],[765.75360545],[6.56520333],[21.4953716],[996.52686863],248.47057274737585
[19.61181895],[753.75160079],[9.80745425],[5.07436344],[941.08162207],225.12864801527303
[5.60100746],[739.28756809],[19.72094374],[5.90127789],[966.76760584],216.49485199769833
[4.46508071],[775.253613],[0.21531186],[1.9671794],[985.29852989],247.38636361053932
[16.45590623],[720.26898492],[9.55258005],[9.2248315],[957.1957842],238.44133561103138
[0.53576799],[857.01880696],[6.71631235],[12.03149405],[1030.76717616],178.19471508029596
[16.41001447],[742.41778434],[0.67649145],[17.77482666],[936.48146008],237.10074661296153
[19.85844746],[744.47267647],[0.49558977],[24.82079433],[959.56611078],211.96121276444512
[12.43390562],[736.68585809],[3.87218771],[20.97591779],[942.67608522],236.63742216698392
[12.16310287],[738.73505814],[14.53962397],[3.6400456],[968.94241817],191.45814376993462
[0.14131624],[14294.44888754],[9.65702475],[19.70443997],[867.29686642],242.5810808078919
[0.06881487],[14151.74872649],[4.78619433],[23.20575365],[830.60435333],199.9470240416391
[0.04075457],[2883.18280247],[2.71912836],[7.4189008],[955.10999242],192.43890299131237
[0.23127394],[1742.51197622],[12.9456554],[21.50066884],[982.75602956],140.61310215639753
[6.79880275],[759.89815882],[11.44878425],[3.82095034],[896.57579828],205.71989694215108
[0.10284433],[14964.59568205],[6.97812456],[21.36954164],[824.4758342],198.56596675593994
[18.44179718],[878.14196249],[18.34108744],[1.83205565],[862.33491721],246.9673124955733
[14.30835035],[785.32652853],[15.17399588],[9.06695201],[957.5572623],243.17121703209023
[0.05510772],[20566.66583617],[6.14962354],[17.64894177],[935.23634788],126.36056233885017
[0.07123923],[13415.88224946],[10.98265826],[22.82709851],[999.12605242],184.38620984488546
[0.08414216],[24567.3251812],[9.81498711],[18.86875018],[1022.39493285],166.4632327348769
[2.01551694],[817.71331377],[10.54479586],[12.5319109],[965.45234187],151.81646312364808
[0.15908546],[12357.55985388],[9.53562518],[18.93924596],[923.8813219],200.4407540866415
[21.68010323],[801.05594694],[9.29211456],[3.15104908],[956.41477118],242.29721164283342
[13.29299117],[855.39402777],[3.12316387],[1.33477934],[973.21249227],249.4587458017021
[8.05396702],[747.79380983],[8.05401477],[20.26587395],[985.43281456],232.54099454826428
[0.11235671],[6820.37867303],[9.18717626],[22.44982034],[876.85392865],177.10934402384112
[8.92851841],[882.32468273],[6.50399597],[0.82842811],[973.50827126],182.8331185596012
[1.6444703],[793.03423222],[13.11531694],[21.98287283],[895.99013695],204.22609972218083
[7.74500318],[771.59489703],[13.17406982],[16.39842799],[948.90845443],237.80108330809128
[0.04497741],[14388.03526709],[7.6380226],[22.15296325],[997.97206411],162.1568953814475
[0.09543824],[3523.23621273],[3.26658008],[7.9373691],[1023.65127613],171.38165569552564
[24.22824748],[922.32703668],[17.69230778],[1.08284659],[1053.704846],212.78037785274512
[0.06092083],[9969.49492104],[2.568237],[5.48511032],[1106.8950254],244.31986901607422
[0.1307071],[17484.50203221],[1.59191097],[3.36058388],[865.23369414],215.0737536734281
[2.36308397],[741.4811464],[1.83270643],[19.38131114],[980.29416257],243.7739211624929
[1.00913025],[895.3050714],[13.4629569],[20.35134032],[1022.8080837],154.76857015177484
[0.14618762],[3603.08811545],[11.00522044],[23.5864545],[954.46915651],82.85551880804985
[11.55359251],[758.27246106],[16.4740504],[4.72742247],[1012.57957743],248.28866439945762
[2.7776295],[784.52461603],[1.89832576],[2.12097459],[864.7154677],239.25405083422095
[23.26160378],[787.68068101],[11.57431696],[15.24715139],[960.07353402],243.27354145867298
[14.0512359],[774.59047822],[6.44945195],[10.59588741],[942.00853183],248.213401735194
[0.07038567],[13025.53145826],[4.49783969],[14.43466162],[924.54407064],105.74287150548412
[5.65288407],[925.42539864],[4.65202159],[1.2844664],[988.32340677],210.6088491211293
[17.99956216],[1004.1414122],[7.86917246],[0.38500788],[944.55244017],92.15086301870292
[0.08331865],[20490.11059369],[2.11096177],[8.95984454],[860.45699403],248.92689764363558
[0.76588963],[827.50409166],[8.16828972],[11.89711905],[1006.20042083],220.09673722707237
[0.07329685],[7409.00844027],[6.30767343],[23.94399075],[858.24649426],157.11943430501265
[0.12314405],[20938.76443448],[10.56853309],[20.60097531],[1003.73539099],138.92439634228117
[6.06307982],[730.15915654],[13.36188331],[10.83915817],[929.90452256],249.84956424130564
[3.12391283],[813.10916005],[11.42478767],[7.18604605],[916.89672766],191.91360514850874
[24.82296997],[777.96866405],[8.06835116],[2.55334797],[937.40910036],232.5106364862952
[24.71318864],[755.05572993],[19.62983212],[11.64972151],[941.90661175],228.80588783575024
[0.15543183],[1034.89103472],[4.95259841],[20.88514827],[868.59347131],207.33379252811835
[0.07895104],[21962.54821613],[7.71612259],[15.4240576],[965.77395278],217.70778177876696
[14.44304256],[766.97033029],[6.94797255],[2.03946609],[989.08133258],186.71997149723393
[0.12246522],[6220.135527],[3.32716406],[7.25512244],[904.34892556],147.62202868203474
[1.82836253],[881.40339644],[4.57786065],[7.93533537],[954.18094693],219.79222445632126
[0.02892029],[4258.12308367],[7.49423996],[20.00620845],[1007.75502339],222.90177106573003
[10.84521675],[747.33313985],[8.34480607],[8.75398072],[975.22471751],222.4664245489289
[0.13157661],[14537.56539476],[4.73540199],[8.4085609],[1013.42342834],152.0463539990444
[5.46833156],[738.68702974],[4.29452612],[10.69843994],[954.17149071],221.27869968619586
[20.33443221],[753.54811758],[16.59369171],[20.49074606],[940.92992465],228.2848412654888
[0.1507834],[24628.15009092],[10.0994737],[17.1884163],[919.1920237],226.59188170121809
[0.72690654],[886.70160772],[9.7043362],[13.6551837],[957.39725995],142.87346795655913
[1.95457675],[846.59000118],[14.32538069],[15.8935884],[899.97928686],192.06486972363416
[3.15973628],[742.94415854],[18.7296821],[17.90943471],[908.84225214],218.64545370561837
[0.09820589],[10965.29446424],[7.48829204],[20.68276547],[876.25296934],124.07865288002824
[13.39057304],[787.19699105],[19.53956958],[5.07794765],[954.18330753],236.7324835893828
[17.31566906],[742.04221026],[10.35845028],[19.12686188],[986.4595905],239.41727491007975
[20.63439046],[773.80593698],[4.77420282],[5.77341818],[951.95419544],236.74261208599523
[4.93851318],[769.4841247],[18.74454534],[15.47014269],[962.15404177],212.99290670878247
[0.01537282],[12372.8627138],[6.66124623],[24.37100413],[938.53126542],210.32578311495058
[22.46599156],[750.78240764],[5.20777251],[21.75431415],[962.94963167],208.39870494359695
[0.1514606],[6494.66749811],[4.9304721],[7.66562707],[1006.6276672],195.67098793165178
[11.3396661],[876.69745809],[16.48723231],[2.04399972],[999.22385316],195.34580339140302
[1.26716756],[873.12863876],[16.97524168],[22.74874871],[996.69931635],134.46355877029544
[0.09480994],[13158.69140442],[2.90066477],[5.45583468],[1092.05112744],196.4697491164926
[22.67909979],[747.37919016],[6.00156647],[1.28594964],[959.00415413],168.6105469675963
[0.12449145],[8899.02408805],[10.38728341],[23.24605208],[876.2145393],185.13914149439074
[0.05427118],[21729.73050257],[3.73990965],[23.70192742],[810.8738631],249.90613091146713
[13.98018994],[759.15952832],[9.24851983],[12.20380069],[928.3022646],246.50720417080026
[0.02983016],[16741.30598364],[5.74374271],[22.53805368],[943.05843688],179.3975900376356
[16.11880696],[903.44483626],[3.64412837],[0.0923742],[919.73204518],218.3645382425027
[2.57802375],[763.30478639],[17.45017143],[15.48834145],[981.64037588],159.86415604698175
[9.44827618],[778.51353006],[6.01347499],[1.91463359],[996.63675131],162.82283709504622
[17.74719067],[751.03924139],[10.45615319],[1.72164328],[1030.0027035],244.21128916771374
[2.14693761],[854.1335399],[17.48809743],[16.75444574],[964.2269661],151.0320157253932
[3.17230983],[768.67301339],[14.45521424],[14.0383919],[995.65045269],210.07906024495787
[0.2330084],[1387.47958131],[10.10647026],[24.10697764],[965.72059964],136.44445508839976
[0.91202448],[798.62740589],[4.39804982],[9.92255646],[900.10070221],166.11134450461918
[8.50415792],[732.25841236],[3.42457309],[24.02688303],[981.30986571],244.06022809788897
[0.03347973],[28585.56084424],[4.86607727],[13.18466409],[1019.09033843],191.07169481743188
[9.21668534],[1222.88201417],[3.90701513],[0.11751756],[911.81800843],177.0356092313349
[0.15103797],[1278.43297427],[6.28189443],[24.92663184],[882.16923414],177.91203837603905
[0.09693975],[16773.91555804],[5.91815235],[14.5163214],[962.59384797],79.90929721532632
[0.05029123],[16346.89388024],[5.85064842],[12.82931168],[1045.84499588],203.3516266429766
[0.10900851],[21861.32053171],[9.2803811],[16.18363761],[1055.20584354],150.04332804661135
[0.14068353],[11447.18825689],[14.37601947],[24.75416807],[1002.5332622],164.0493183604235
[20.87816103],[738.94308716],[1.70952284],[4.81122442],[964.64401255],220.0660678508632
[16.73228248],[760.91845718],[9.08406372],[9.34306845],[976.8646923],232.36780431294562
[6.68745248],[732.61950648],[8.65756208],[14.86228775],[980.87836413],242.46686013340025
[5.38883368],[779.22757685],[13.28382701],[8.7402056],[962.53980106],216.48971411430898
[0.12923044],[953.9946095],[4.94159991],[14.13940962],[1022.86317144],222.28003811631925
[0.10345724],[10923.19448987],[7.57627598],[16.17376789],[945.94648153],93.85692942431524
[3.98030858],[720.73184899],[16.48847914],[17.75184826],[955.71049832],223.4902645107752
[0.0237751],[24901.24913413],[4.85470001],[12.58311082],[1015.22290509],236.7175432697835
[6.26088926],[759.16160207],[19.7960903],[12.60353444],[933.06959188],234.50642134096051
[0.15544778],[19711.70448941],[12.82856609],[20.12870057],[1036.20759967],239.83801717449342
[0.0493088],[13299.34794122],[4.15587363],[19.08424395],[877.40805343],202.4838158760308
[0.14161569],[4911.98361918],[12.98195771],[23.48797598],[984.6004386],120.62676448624711
[13.56306365],[781.47494758],[5.68894141],[12.41764358],[965.53484644],241.66579393103268
[0.06084363],[20439.35835574],[3.23369053],[8.65433301],[930.37676283],143.66158774708128
[0.10058137],[28196.39621819],[8.48116337],[24.79761373],[922.16468118],203.5655696010101
[4.31681164],[740.09477701],[1.49516214],[2.31174106],[934.1739262],200.7104839259789
[15.88438665],[738.20272847],[19.69767419],[13.78344369],[928.25492421],249.53582567366766
[0.01795092],[27877.77187338],[4.58163929],[21.30523101],[918.97621698],223.64962199595777
[0.09590651],[24920.6977722],[5.67274908],[8.88979173],[1140.1401121],241.143911239928
[0.08946111],[3090.38557063],[2.59677057],[9.69430001],[886.09027803],146.970982851416
[2.10008312],[810.92292817],[13.85671529],[15.3634472],[913.70730027],180.5929065184066
[13.03338586],[739.73374454],[1.28679416],[14.58701999],[944.48868235],231.77688564132814
[18.11948062],[755.79525193],[3.19029717],[7.81337393],[953.664877],217.70238824779767
[0.07827056],[20215.5556372],[4.74073599],[17.23769472],[891.30360065],178.58023084997615
[24.19879355],[725.19059034],[8.77547043],[21.33998492],[948.16785733],242.64155108683576
[4.86161131],[773.41315234],[5.15320461],[21.70807798],[970.55232141],238.13408595663168
[0.03832189],[2147.96742567],[3.77564864],[11.85938647],[1004.7395781],210.28462795289965
[7.19802899],[731.40396031],[5.98226435],[24.29483496],[983.06720229],246.62991603416788
[17.28953448],[723.5370863],[8.22440307],[12.64658847],[962.88325173],234.342072921748
[7.26103541],[751.23406135],[19.20860671],[20.93264851],[967.64305025],212.7318656107126
[0.12366378],[15253.51041999],[5.41131009],[15.28715102],[883.77475405],229.0221922062757
[0.13013438],[26512.27973304],[12.1053533],[23.34316342],[912.27310328],177.34010274108596
[13.90990857],[902.18437303],[17.17873063],[1.83090509],[1039.64942756],215.2038202499824
[0.09759582],[11804.65494737],[4.32268634],[14.08640009],[822.27295061],197.58288090686517
[13.55589508],[746.83458226],[4.65934812],[11.99217432],[975.94776285],224.1024359997457
[0.11016983],[13378.41595416],[4.71666696],[12.32458277],[949.86210458],185.15494037745452
[0.111689],[862.38840885],[2.87313102],[14.02006302],[959.93199593],231.97388988225134
[18.46764021],[769.16270679],[9.21047143],[2.18190478],[1010.30955997],219.03819285620227
[6.04892239],[781.74131436],[10.16173854],[20.32528493],[958.48293015],237.85219212824768
[12.19820593],[887.67001568],[3.69656333],[0.37710086],[1031.9702325],152.41044526156486
[0.08613804],[9480.38180996],[7.24152578],[23.16263421],[946.29817538],200.786359557531
[0.20201015],[1651.68264489],[6.64707646],[20.64846267],[804.34164186],206.78976283491636
[0.14418788],[29543.88926183],[9.07656792],[15.06597605],[952.48602638],176.23777101813027
[0.08773306],[22176.16405247],[6.07192427],[22.41491922],[882.06804696],228.94900052609205
[0.0146652],[15174.12428332],[4.56363579],[14.32088201],[962.24477473],207.39977128648252
[23.43774491],[769.27467864],[12.37323052],[7.53753658],[952.13355728],232.48859958495177
[12.41980822],[742.98504417],[12.80971647],[3.36991182],[936.78447333],199.91760374914838
[0.06004219],[14110.85560341],[2.97916971],[19.24845615],[817.72414989],245.55679920043997
[2.11198039],[796.17778127],[7.06304048],[10.82262443],[1021.62700943],244.0681546842643
[6.11452808],[797.70907955],[13.56959743],[3.39881202],[961.37816708],222.1138792324283
[24.66136162],[714.77945349],[2.9151943],[15.9977619],[959.11858065],242.10193838164116
[0.2764425],[1508.5897675],[4.95985786],[8.61826429],[976.79100301],120.49390372295136
[0.05999351],[21600.38135562],[5.6652489],[23.01229561],[860.73029732],175.50234360733486
[0.09331594],[5004.89994849],[9.64143884],[24.89201757],[899.40717187],163.28231861382005
[0.03644798],[18434.52397309],[6.3907543],[20.29418254],[972.21283858],146.73033744389113
[0.0066531],[19669.14269609],[1.58734671],[7.76462762],[960.38796435],232.99160630551114
[0.04716353],[22713.26783392],[3.63254152],[15.36032593],[942.67758741],181.79816104494387
[0.53583622],[910.27774609],[9.28098207],[14.21245636],[1091.60429257],193.59993079703804
[16.44015968],[808.86238008],[16.98723759],[2.71190416],[936.91285753],215.01899962456957
[13.19373399],[749.35906013],[10.56976397],[17.66603831],[941.03488226],225.60283873993365
[0.15584275],[20550.00619809],[9.39279194],[17.38740606],[903.28858699],237.96665033141267
[11.01708561],[738.72859734],[17.1949795],[3.12316282],[919.96707734],229.78689015268128
[3.73380829],[860.69158211],[12.33682534],[7.01774124],[925.18135682],223.05639290959846
[0.03202871],[7812.22169082],[5.58611613],[23.37445251],[940.61606654],191.05733088608702
[20.55966765],[774.96497394],[8.68883973],[22.54031114],[964.60740973],234.23904690461552
[21.59985839],[772.71629678],[5.25562062],[3.52915086],[966.19927789],226.7837445938518
[0.02695427],[3167.65544283],[4.33604402],[13.58965011],[1010.30793257],222.77159726811715
[0.17628085],[12027.10862624],[7.56509697],[13.70160862],[938.8115551],227.1317773126549
[2.42657304],[833.75917758],[7.16453522],[6.09509178],[1006.78987094],174.79580180431674
[7.19402201],[761.05150765],[16.31149785],[12.41781598],[968.57278281],221.9056458049945
[5.19776965],[818.17748548],[19.67301317],[5.73139116],[1028.09497447],235.96712399738772
[2.6916852],[799.84580898],[12.68866794],[21.69670944],[954.08388913],227.97442205815275
[8.33924112],[771.18012733],[6.92253863],[23.14412836],[967.81221026],233.61226359000784
[0.10702557],[16517.66633269],[6.04348833],[14.08553025],[1002.02766913],222.59276772300814
[0.17000032],[1648.78615846],[8.73167925],[15.23643312],[1112.37822489],184.97317870006123
[19.46470792],[756.17649478],[16.99537874],[13.09136226],[942.10395328],229.73504563377276
[0.88447701],[785.86829752],[13.12244756],[21.22149558],[1049.21429463],232.37640093941684
[5.84201965],[778.11245255],[12.49856757],[13.78045416],[962.3334441],231.045762012635
[5.98425206],[848.22193856],[12.4458997],[3.33139047],[969.55440688],183.84447005534946
[5.95941209],[819.90056547],[7.17569273],[2.65434264],[898.74883469],202.5403411322966
[0.12009549],[24303.11506518],[8.24883358],[16.84204317],[901.71278002],181.07854104052944
[11.53301463],[742.72518294],[2.21591975],[11.14602878],[976.37518247],228.63211557688305
[7.46471993],[879.6112572],[16.19272348],[3.53145117],[914.01145159],213.81981213057304
[0.0265676],[15977.64024788],[9.99588969],[24.78074581],[986.60813967],249.37126402047056
[21.46171996],[721.75355295],[5.49199942],[4.60102926],[944.3360474],247.5704684660965
[0.58924285],[981.4299],[10.2346394],[13.93263365],[1048.55069892],148.57280125106354
[2.84798047],[731.84352535],[3.57628703],[6.24298821],[972.50260518],204.06937569414674
[0.95860681],[907.72158456],[15.1280456],[22.79609531],[1043.56867433],185.29865287591258
[9.97299779],[817.74629692],[15.90421306],[2.66271811],[991.30057069],176.45208786141643
[0.0943344],[5525.31143968],[6.85495693],[16.99093132],[994.04819826],131.75515581497154
[0.54113548],[944.10041717],[1.32685908],[2.47826964],[908.86478307],161.03962091317533
[0.08661336],[26576.3111085],[4.67621747],[8.25623084],[1063.48453627],208.60087248291757
[0.05945848],[20116.88107411],[6.1578408],[15.71957048],[999.75516231],118.37546214649126
[12.36311018],[727.27354841],[7.11997097],[17.89805905],[966.39448694],234.11767852443222
[4.75950505],[732.9627436],[7.40784069],[7.76045896],[993.9784372],240.47477114823357
[0.09326496],[3388.61213611],[6.274823],[14.2361377],[1026.07555947],115.56982824085514
[12.18639567],[767.92600142],[6.8864371],[6.97929562],[978.37125591],240.01277184421224
[0.35936256],[837.90647698],[6.94001595],[18.14568762],[950.59819609],145.07125001955865
[0.08094011],[4157.70972669],[2.02452673],[5.8315532],[912.99554338],114.59472249240287
[0.20782957],[1133.82616308],[9.62649399],[17.8706293],[1019.8860721],211.6455549919135
[0.18611707],[20667.79780491],[10.24321648],[17.02502297],[960.07624778],246.08883623114866
[15.10534597],[805.3767635],[5.25982965],[1.13599112],[1057.73953873],230.995181275071
[17.00817246],[773.33322945],[16.53319078],[8.2868719],[951.20169221],237.42792318161878
[0.13480775],[1204.32672703],[3.41509311],[8.72625379],[996.6054212],129.77620402945809
[0.11557529],[28903.05139499],[4.72804455],[10.95588999],[926.31828601],102.64718541108596
[21.08106956],[742.70034102],[12.40048907],[2.55232739],[1029.64903093],245.9080085168505
[19.94852539],[746.43988845],[17.56889712],[13.3399341],[991.17169844],239.7286149686223
[2.0567803],[814.29888783],[13.00315563],[13.59865732],[969.76615556],137.01782793948382
[0.09255995],[21201.7068293],[9.77804943],[15.62036488],[1135.82703432],238.6617700137224
[0.03406821],[6617.69182295],[2.91072869],[12.67089921],[990.14122336],244.58556721338175
[13.94662791],[752.43969601],[3.02605525],[23.07848966],[996.67383281],243.78015246589644
[0.08452742],[7547.81419319],[3.01968921],[5.24499216],[1105.32811596],227.18343933726499
[0.0600094],[6638.52086049],[8.99284699],[21.53516626],[972.96694713],151.1633247978483
[22.05037106],[774.33365109],[9.7916082],[24.0713718],[978.30866906],247.30898591777202
[0.03922026],[29989.67367472],[4.70705332],[16.17380253],[994.35095229],197.66361444477877
[0.18219712],[2922.42240596],[15.43328435],[23.7917197],[1010.54341769],196.20594691403107
[0.21002773],[1007.8498287],[9.59689773],[21.96457984],[1029.45120883],161.14678912178192
[23.97826123],[739.56005834],[7.73500173],[17.68829193],[980.40408275],235.84400513892047
[16.62693102],[758.26400316],[14.68791109],[12.58246033],[924.52623888],249.395055058666
[0.0631113],[13010.39612553],[2.61538251],[7.62772524],[946.60026479],87.11129351392242
[0.11326969],[3932.05283556],[4.25731106],[19.82557693],[791.00974423],234.69997017076105
[0.10852776],[5857.18035413],[7.32959146],[22.0053335],[828.48251185],211.95102431273995
[9.65079482],[745.45643399],[11.58418149],[15.34255106],[973.64121278],223.0861797213105
[18.73633095],[767.78254282],[12.0621171],[2.28063165],[963.71663604],162.00475318645
[1.82870358],[888.64410661],[16.4582049],[17.65590716],[954.53570724],144.8033105717244
[7.16350214],[759.21053244],[9.04808658],[8.13196714],[948.27218494],222.67037058800258
[1.73947176],[859.91208333],[12.95732544],[23.65061488],[940.43984272],233.39183269796297
[1.87364334],[851.07054795],[14.39801304],[13.33453325],[899.99486176],195.1948223551667
[2.53882068],[811.20578517],[19.26452559],[13.99800243],[891.25623445],222.259492623274
[0.17531413],[2558.70972328],[4.65607853],[8.69832727],[913.83577198],173.12589527304692
[10.09738574],[735.87685498],[6.29652269],[9.12494636],[934.88107543],244.91321153761578
[12.49727233],[1530.85296792],[7.58789193],[0.10764678],[807.43409518],202.95365901511116
[0.07919534],[28048.94717652],[8.20501136],[22.06175647],[899.04572242],147.02689636178445
[0.06676634],[25493.60625627],[10.99164422],[24.48505971],[1040.64023681],139.7358699814023
[18.22151757],[747.56402757],[9.21846649],[2.31483721],[1033.19240496],241.6367179497613
[21.13007692],[741.33247984],[13.57546519],[17.65458428],[991.27147305],244.9389314473391
[0.04521512],[9338.07950577],[7.87061779],[20.74260678],[1001.56012674],156.8048569421327
[0.17299225],[7355.99812947],[8.04508724],[12.67380327],[941.74757005],225.58128232996592
[14.32061679],[749.08639141],[13.90832007],[10.06134968],[972.7156758],218.52474382073126
[0.12899956],[15287.99692953],[7.93586773],[21.95336617],[835.5435619],216.72566775377015
[11.009877],[2076.24259057],[7.12488906],[0.01079644],[992.58508309],206.4320084652319
[13.20319254],[781.2961009],[5.56466535],[3.68763801],[980.3324086],244.46096760605496
[16.61718001],[756.1704396],[18.91518704],[3.57725468],[974.11280189],192.87071423793975
[0.10348161],[11798.92971279],[7.94962573],[19.19615527],[878.99997701],199.7096435348626
[12.46751161],[4977.54331384],[10.88284795],[0.02272792],[961.2021728],164.7075911405999
[20.26064119],[751.52817009],[18.69077085],[18.0622181],[939.02924738],228.16550813262438
[0.05963759],[15028.36431035],[9.4422271],[18.78745603],[1102.17725049],219.6100051598263
[9.65670606],[718.14121664],[3.71299397],[5.16125835],[966.89106434],240.36232101768428
[1.2472794],[904.14661008],[2.89668588],[4.82380034],[870.13729452],177.96968156970559
[10.59832987],[751.27545814],[0.66809193],[4.61767335],[998.44655784],243.55731990032837
[2.34217576],[746.07665653],[0.18451679],[9.08008497],[963.85821054],226.2137731311808
[0.05935012],[19104.64293248],[4.05565996],[18.86693279],[838.60832938],201.93407209388897
[0.06805312],[2506.80857746],[8.8914122],[24.92834353],[958.44236147],110.03401276214959
[0.46670386],[964.73648108],[12.68587925],[19.18800657],[945.25221238],214.95737407708282
[18.32879496],[1022.32565445],[7.7631562],[0.21598388],[1053.84845868],175.2602324897913
[0.05602017],[8541.07294405],[6.52899399],[18.80651272],[1016.28135712],182.20969020726147
[8.23031032],[744.32780626],[6.67207715],[24.98370173],[975.53209037],226.17747713083315
[24.7606084],[759.72773273],[9.83286079],[22.90239203],[983.34986523],237.74426441780236
[2.18869078],[820.24524971],[17.73783684],[23.42098974],[972.04397588],203.2375299641334
[24.37514013],[932.48431717],[13.85642336],[0.68051673],[860.31662882],180.51380342368088
[0.0825593],[13348.83099149],[4.59416657],[13.40205489],[904.89964208],79.39799233258952
[18.03464949],[974.30198557],[5.5363703],[0.22538473],[875.48706851],201.26062074847835
[0.10627843],[3245.15756135],[7.23872105],[20.27265024],[892.57994206],105.52450828604617
[0.01697532],[5275.81424477],[7.29595342],[21.29704924],[990.32528126],229.33150422685117
[12.32162981],[761.29644153],[1.10197523],[5.81584275],[954.19073201],222.38773850478003
[0.07870853],[14326.53570935],[7.8684939],[15.92437406],[1019.78344591],149.4833872035955
[6.13741597],[822.18177558],[0.91705507],[0.16551148],[963.57446115],186.24100710223422
[6.53873775],[773.5038913],[10.36605191],[24.87186576],[972.94790355],240.70512854469052
[14.63757774],[747.66828099],[15.53755674],[12.89095179],[973.02401934],220.34139229913228
[0.30213343],[1224.29935469],[10.97669645],[18.84989622],[1014.2391654],103.18103900011192
[0.10254443],[3289.6260233],[2.84085927],[10.77973963],[866.69879633],183.73432949436722
[20.68103233],[959.3361413],[16.98437049],[0.88864148],[983.98060881],212.28258246371945
[5.06062528],[742.52577611],[2.99445267],[3.86993917],[958.37974302],188.03101859339267
[3.54534652],[721.26578749],[11.5201597],[13.32714793],[981.29081339],232.97161452072066
[21.35916134],[742.48679463],[6.85762652],[1.58920681],[917.45198081],214.3256768883997
[0.68141344],[14476.33819631],[1.15098515],[0.30011256],[990.51055575],167.97632365059417
[0.08185103],[14247.74180514],[6.7286521],[11.9496542],[1128.6853224],192.7525528438573
[0.02371298],[18469.77577153],[7.30404431],[24.13267087],[916.02193335],242.57083899250563
[19.73336214],[752.35229773],[18.27258482],[14.02692079],[935.32305084],232.69396332978215
[0.08034382],[22443.47743891],[10.54942651],[24.82841998],[960.62681711],52.600551843750395
[0.09411983],[19670.26122574],[11.08910895],[21.25020261],[998.69456339],148.83146349635354
[0.35720943],[1388.41751858],[7.48302592],[12.46310417],[945.92876006],169.9323298384943
[17.59034523],[995.54545235],[7.75525469],[0.31114476],[1011.69739129],96.06003185250711
[16.87194784],[766.32822873],[17.53061433],[4.61748629],[943.72242703],227.2341914908768
[23.23181921],[766.27961553],[1.29353703],[9.79535511],[976.08520282],237.02737696780537
[1.05594533],[798.05128584],[2.20399499],[5.70171424],[884.93701612],193.3908728434892
[22.64158547],[967.00130085],[10.7438425],[0.43627392],[917.51734704],88.8194575810229
[16.67149242],[827.30405262],[10.61372494],[1.74856826],[1026.62227364],226.72352130978175
[0.12303145],[16329.74263255],[7.83700141],[14.82790061],[975.48482385],104.31422342946473
[5.8753542],[774.98654775],[0.35781315],[8.12639023],[945.02521103],245.72453360115423
[0.0324311],[14332.37292344],[4.7929683],[14.1058506],[1023.59435798],220.76843437429932
[0.12981968],[2330.19869815],[13.4755755],[23.49324582],[1062.58037199],190.3228627406553
[13.80771856],[841.67533073],[6.53400487],[1.46171037],[948.20494238],180.96735151731707
[12.80469699],[774.61274371],[8.36360881],[19.48437137],[956.89368328],233.38335768458364
[4.27585696],[750.09591967],[6.92125674],[6.13949348],[962.40588129],169.9673109062469
[11.50914444],[753.65807456],[7.94513016],[21.60094718],[966.73638355],215.05679719747104
[11.90554288],[812.14785602],[9.69021741],[2.23850554],[912.66807661],215.22300187565781
[0.12290071],[11041.01144808],[6.46800152],[16.2320261],[923.88087429],169.88411302134796
[22.58781519],[744.34743697],[13.36139903],[12.80156275],[921.78872208],249.8610390354287
[21.90803777],[756.11482555],[13.52751985],[11.04600667],[927.68860835],244.077860597768
[0.09114868],[20084.00696666],[2.32127619],[5.77967968],[952.87513752],47.869531007745195
[0.1288539],[16265.85323719],[13.39271602],[22.66752886],[985.97073861],146.40362834482914
[0.07065816],[18780.77995236],[1.74146424],[7.66732179],[800.00626551],233.80649752735394
[8.45945166],[786.92400875],[7.15162488],[2.16475957],[990.509497],165.26512136925908
[1.21095962],[813.24594495],[9.2863978],[14.44818029],[894.10253013],182.911168197262
[20.52700546],[738.86781393],[12.66338993],[14.30791243],[962.68691711],218.81818375283046
[0.14627014],[29495.45982803],[6.27529245],[14.18205574],[877.91734434],224.19652483553807
[13.97650316],[1110.80025451],[8.1667313],[0.30924535],[935.27481321],124.12612916063222
[0.07696643],[22008.95602756],[1.30343345],[4.36382837],[862.39185985],141.7489079170748
[0.11673211],[2173.16596134],[3.20151669],[13.24926922],[832.53277682],171.75969024499375
[15.08523883],[770.76405882],[7.86051284],[6.69018334],[951.71994423],233.80971243712622
[4.6572914],[753.30716456],[14.16300181],[13.83965287],[986.30783994],221.66141433977987
[0.06938181],[27214.70690849],[5.11381931],[14.09406515],[922.45180815],104.90370541541574
[0.13143223],[2196.42101429],[3.27832393],[9.88077523],[854.79804261],152.00108604938248
[2.93697086],[906.36958907],[13.72643981],[8.58415631],[964.36967961],202.56628714223712
[21.68600205],[741.62803909],[19.98833378],[2.48166004],[897.85370059],231.22523428054922
[7.18200079],[869.64413508],[17.42742156],[4.09622866],[956.67964897],193.9941391593295
[1.74124741],[896.25775056],[19.34964124],[11.63165061],[937.07722053],246.9937349552962
[0.06524435],[10374.36559693],[5.2936241],[20.16360802],[836.18298832],217.2734783933954
[0.14276132],[4491.22713464],[10.89336475],[18.3426153],[1086.37490186],218.83980972911365
[13.27635939],[728.59072504],[15.69752859],[7.18894771],[960.95950966],225.9277333565867
[21.42511169],[751.46949107],[4.5911742],[14.21603752],[931.42158559],235.7142530427907
[13.09936478],[928.36104011],[7.04022157],[1.08137163],[997.64558918],239.93065341414376
[0.08749593],[4134.02173754],[8.98773463],[20.4145875],[928.15287463],219.39836642325486
[20.36213735],[772.49654142],[18.22011964],[19.75167188],[951.71203921],236.45114096724637
[0.10426174],[29058.43646904],[4.40636124],[12.96790598],[886.69700953],171.0949543480624
[0.20052301],[1032.16629952],[6.76336988],[17.80006047],[898.34836511],225.83317955468965
[17.30331507],[743.29830855],[1.20774526],[6.58752228],[952.85696055],219.72947448475065
[24.68871022],[772.85083579],[0.92888226],[6.40153769],[968.85145332],236.30372077577624
[0.17127708],[4530.12343922],[11.53919928],[20.41196642],[1016.21314148],221.1034775948234
[3.9573254],[756.23976241],[6.40557544],[19.19913473],[936.36562851],232.2987719495983
[0.13660434],[24360.13085932],[4.97099873],[7.47667388],[986.6016124],243.2035569962992
[2.18461516],[763.20360587],[19.63702737],[23.65143519],[1039.1030387],227.2399935103972
[9.62334248],[749.44931152],[11.88801181],[2.62287965],[922.3695684],223.16670347599904
[0.53806541],[890.57715157],[3.92489594],[14.39422554],[845.40899733],227.33660329028874
[0.23489955],[2246.71496643],[4.92627959],[7.77430708],[995.66731585],202.1750857495564
[0.08292695],[25070.73232354],[7.96697221],[19.01756146],[997.20887518],100.31774205227134
[7.47119894],[760.42218024],[14.52044955],[24.99172058],[934.03531883],241.73446230976663
[3.50065106],[811.3310753],[14.35948721],[10.52524927],[1005.75910349],240.29078209417673
[0.0725279],[25407.18127625],[11.19758983],[22.91526939],[1100.69270092],214.03716663033038
[0.09428325],[9439.32374404],[3.48234062],[10.78244134],[874.14567586],103.29020063828398
[16.93688742],[776.96605513],[2.10806669],[17.77288398],[952.58239023],240.05028962729705
[16.06000805],[884.91027967],[8.34993071],[0.49530526],[1002.1996592],247.2222621876109
[9.80065794],[752.38147231],[17.1986431],[4.74269984],[979.90204961],201.24262874400472
[0.0456475],[17058.0661651],[1.47294957],[5.71561504],[875.40521063],204.02644227658652
[23.68161281],[747.25562819],[17.65685927],[12.07002402],[967.55322483],215.2910851940045
[1.20753548],[806.79222494],[3.1807679],[4.52171375],[971.05321023],160.43205654991084
[20.4478951],[728.55897665],[7.61237408],[12.03648771],[981.66482685],248.10194340739054
[19.27708867],[759.71546187],[16.91159145],[16.72893857],[973.42700069],227.80887460019164
[7.86611463],[747.55483173],[9.20122542],[11.01947475],[926.18177299],241.3910737675434
[0.12262067],[29090.26802958],[12.180691],[19.52154612],[1091.31930574],216.23236902527617
[0.0049125],[26220.19880283],[5.94355838],[23.91681634],[931.96795662],239.61978325271252
[5.86485157],[739.00454391],[10.99053701],[8.05671104],[982.19085145],226.38137706426755
[19.93605473],[897.49916196],[15.9946211],[1.32054701],[921.73432961],138.31791238226344
[1.37970783],[925.30716916],[7.99381663],[7.12452123],[992.89387069],210.9819299206822
[10.01054557],[766.63628246],[19.37333355],[4.8952642],[908.72555994],247.9736271534307
[0.27702732],[1535.16798778],[4.52956789],[8.10856952],[1036.90215005],244.3534127442383
[22.65986647],[810.44692028],[10.63444865],[1.47886805],[1009.42130192],200.78121945587077
[18.59940933],[735.94136954],[17.71373919],[16.82253601],[962.53994659],221.5982700444158
[0.08406829],[10618.19121502],[7.85428258],[16.4943988],[935.44975837],242.32984745684428
[0.04142],[16405.63528417],[5.56581555],[16.89758623],[945.91142607],144.40809799079386
[0.13109478],[12153.07920725],[7.50583724],[22.05613442],[830.63716035],228.28097075145763
[0.13143603],[17304.62949461],[6.56098732],[11.03365112],[1073.31760832],225.96674676772795
[4.61626645],[767.93104455],[16.96359028],[18.51288047],[946.76696447],226.19440584489234
[9.35862029],[830.2266637],[17.10177609],[2.8103548],[999.19305797],194.62870399162273
[16.31344387],[917.11570776],[14.21161928],[1.71052166],[977.94663649],249.15439501488015
[7.94490578],[719.03365104],[14.61194958],[14.95241636],[962.93498613],238.31500355712444
[5.4858315],[756.59010141],[12.67638623],[8.10653889],[986.0789181],217.51584175151686
[19.30886285],[879.54107933],[3.64427502],[0.83100126],[969.41768352],240.99084993860117
[1.5336074],[814.98249025],[11.28743705],[24.64940154],[981.66798347],222.30517073085036
[22.83793802],[786.01315341],[4.38145863],[3.54610153],[950.55122357],245.82475215699844
[0.09013435],[2713.773839],[12.52633963],[23.84204995],[1044.62557269],231.8201276166393
[18.43748848],[770.88113657],[3.17118053],[17.82977019],[944.19164544],242.35612550620408
[5.97245594],[737.12212172],[1.86576938],[20.28576881],[959.72659856],219.37396436527592
[20.61985013],[764.97496785],[15.2099689],[1.85768866],[976.33621588],157.3564425311764
[13.61122512],[750.89532948],[15.99074361],[24.55581369],[980.57546608],226.13619948985638
[0.11671958],[16286.13679249],[7.8897742],[14.80491282],[976.13896097],97.66840041004411
[0.1139074],[17004.67036696],[4.32795685],[8.41177004],[960.83115241],78.58175025941796
[0.13845482],[10287.15315694],[8.49466812],[22.07743234],[892.10004692],235.08343858202716
[0.11982436],[26944.90740882],[14.679663],[22.59396037],[1087.00708586],220.91469707448096
[20.80063023],[839.49552727],[7.41988219],[0.77480816],[1021.22336756],158.57944578858564
[0.1026128],[15027.14898544],[5.73306407],[23.50025745],[805.75622451],228.17041561001554
[0.05739309],[16357.48077121],[9.96184726],[23.39013834],[1038.16009222],161.90735715955077
[0.09649364],[21100.0045153],[3.44048053],[7.84771185],[887.15763397],246.23924389615468
[0.43332671],[784.68115272],[7.0473115],[17.44430664],[996.51811973],204.30789601632387
[13.41292269],[742.59717348],[12.39564442],[19.59069077],[925.89911438],247.5014931681486
[0.02294083],[19378.1791929],[4.28812374],[18.31580699],[932.95980744],202.6660996220828
[2.40414084],[775.8988344],[17.63164282],[12.16061528],[917.89009606],240.52439403572293
[9.67220102],[743.34406093],[2.6855339],[7.69966114],[971.08328928],222.3523490286251
[20.64103002],[845.3205017],[13.44522805],[1.24434842],[893.32186909],171.2194330578203
[2.71801593],[933.75483625],[1.84546167],[0.73812659],[959.53879564],127.29701119639105
[0.03396152],[27237.10534838],[7.24179678],[22.93232023],[966.47141524],138.2318077553556
[0.86780996],[975.50015791],[9.72532035],[16.28302926],[899.67980542],197.3743579760844
[18.25301316],[726.21072488],[6.05928502],[12.29538956],[952.98660643],236.79929804031565
[4.95871636],[745.01594269],[9.524162],[24.35155554],[953.1116375],216.4971062915688
[0.85236802],[983.45550033],[9.27450054],[10.04203277],[950.37818515],167.89720239031885
[0.10318964],[22896.74863747],[1.71954847],[3.06691576],[1049.44012694],114.61631989523107
[12.60852826],[765.23652333],[7.35388059],[19.58407947],[950.57007595],230.33084822709964
[6.47323053],[746.18503363],[12.44862097],[4.1435669],[1034.96689965],239.29938721323447
[16.68021587],[762.56963625],[6.86337948],[1.74894873],[867.39297558],238.81373956204163
[0.62700311],[6459.07390368],[0.87090609],[0.24514651],[884.09004984],178.6107166979392
[21.24480675],[751.654948],[4.09090293],[2.66783998],[932.12755369],222.8824595931526
[6.70350211],[748.42034197],[5.20012917],[2.08424479],[925.97074518],239.5441988191816
[20.18483098],[761.52387782],[0.83957243],[8.87384937],[992.49933881],248.68197068076825
[3.41844866],[741.58241207],[10.34948889],[19.76760959],[949.45894016],214.71340063160426
[1.02307146],[921.35722021],[4.45339189],[7.34648573],[985.22567799],153.50500600719522
[5.33691979],[790.13943815],[9.97090652],[4.13441713],[1020.50859847],201.17396237923288
[3.07713128],[771.98570884],[7.52893882],[17.9185539],[942.67620314],232.4071323028645
[4.19447508],[791.73567283],[8.86530196],[5.38390606],[876.38105189],240.36832240443687
[0.03058435],[19098.04858219],[5.90640745],[19.37866944],[996.45941884],200.6733594931295
[23.41171558],[778.72510419],[10.99787955],[15.72882829],[945.13612956],249.25547662597717
[8.1057452],[783.50711476],[10.38259005],[11.81633026],[962.61376829],240.0663942056459
[1.71243424],[903.78476521],[6.63267132],[6.63037184],[1008.18026435],169.79477816597637
[0.56735747],[1005.13762386],[8.99621971],[11.70424572],[1029.78332147],171.16421732496133
[7.61688768],[766.46344375],[7.92811329],[4.08105365],[971.7581783],200.91539551277663
[0.07244576],[17588.93477748],[5.83392462],[21.68461346],[860.82131944],147.98897695417054
[0.02611418],[28171.04225364],[5.63584889],[24.42280602],[951.06743948],197.77206195069812
[0.00885368],[25053.11825499],[4.88539989],[24.28832438],[967.97271923],247.14121475030765
[10.37765124],[755.14824232],[2.64587765],[7.65592789],[975.50561816],224.99885717595623
[20.48156742],[745.04541017],[17.07853205],[7.75554795],[933.47315001],237.05293283383537
[16.8890031],[758.05885726],[14.58714436],[23.1132053],[925.44324453],248.28219700042484
[0.01964905],[12996.42993093],[3.34305934],[15.49717983],[907.43608621],224.68106175150058
[0.10592655],[25237.78032553],[10.68584986],[21.28937176],[985.62636222],75.28782772475085
[0.10654533],[9403.67832866],[8.36079178],[16.71459236],[943.58713676],160.8729568799189
[0.93264075],[806.62317042],[7.13334062],[23.99636475],[948.76008415],210.30081728375603
[0.07383979],[4000.63223313],[6.00623796],[23.15962322],[911.65691905],157.6043107787018
[0.35555353],[1127.01821667],[1.80881353],[4.70079077],[831.95102307],169.06268288256592
[19.51236133],[768.67983205],[10.42518073],[18.3276354],[960.53803027],223.88447787688813
[0.06334993],[9855.36438153],[5.81411657],[18.71446746],[873.87495163],199.03187565323753
[0.10343091],[20357.15781272],[11.98513884],[24.07412652],[934.8012053],178.52730280104709
[0.10872273],[18403.89773196],[6.57319552],[13.18868558],[983.49173984],74.42388685270589
[0.05030545],[28010.49509251],[1.12614703],[6.70886246],[826.48665246],244.0865482755189
[0.07810067],[8455.30033832],[4.05110608],[9.81613503],[1041.00576368],206.25162327784778
[10.41399945],[735.68008554],[17.94720679],[6.41088671],[965.65389075],219.05407719665072
[24.05291524],[780.34718443],[17.37708321],[14.78651383],[958.53586963],237.47742958897015
[10.97425735],[772.08666656],[2.36725582],[2.29334187],[958.26884043],205.89648648692594
[1.67183302],[901.83987499],[15.70877416],[12.30583251],[965.98627997],170.40148208479673
[16.08340763],[717.23902024],[16.34581896],[17.29503999],[952.59227434],246.1679686301751
[1.273053],[845.56333988],[5.15358413],[10.29814817],[813.6063474],248.40300284903276
[0.10223465],[2782.8267148],[5.15483145],[20.82125797],[855.36356345],176.41112989684927
[2.556865],[732.81564141],[16.75235359],[17.79425062],[935.94592637],216.69209474992124
[15.06053577],[742.95839389],[18.91800357],[15.11299243],[957.35063003],215.68672435221686
[23.54186177],[717.78456211],[19.73637573],[24.96541796],[963.18554683],240.4009841694584
[0.07962456],[6474.74818285],[6.12922339],[13.54416381],[951.29435865],180.1425873889849
[15.55514601],[740.5544621],[4.73797112],[3.22748178],[983.35355896],226.896307164414
[0.12677856],[17587.24272528],[14.96957231],[23.03044982],[1118.21508888],246.34398746638283
[0.12698477],[24678.60865802],[8.47006564],[17.35956134],[974.62637238],125.9893178407408
